Workbook

Sheet Python Outputs -->

Sheet qxRatesPivot
A1: Age | B1: 1910 | C1: 1911 | D1: 1912 | E1: 1913 | F1: 1914 | G1: 1915 | H1: 1916 | I1: 1917 | J1: 1918 | K1: 1919 | L1: 1920 | M1: 1921 | N1: 1922 | O1: 1923 | P1: 1924 | Q1: 1925 | R1: 1926 | S1: 1927 | T1: 1928 | U1: 1929 | V1: 1930 | W1: 1931 | X1: 1932 | Y1: 1933 | Z1: 1934 | AA1: 1935 | AB1: 1936 | AC1: 1937 | AD1: 1938 | AE1: 1939 | AF1: 1940 | AG1: 1941 | AH1: 1942 | AI1: 1943 | AJ1: 1944 | AK1: 1945 | AL1: 1946 | AM1: 1947 | AN1: 1948 | AO1: 1949 | AP1: 1950 | AQ1: 1951 | AR1: 1952 | AS1: 1953 | AT1: 1954 | AU1: 1955 | AV1: 1956 | AW1: 1957 | AX1: 1958 | AY1: 1959 | AZ1: 1960 | BA1: 1961 | BB1: 1962 | BC1: 1963 | BD1: 1964 | BE1: 1965 | BF1: 1966 | BG1: 1967 | BH1: 1968 | BI1: 1969 | BJ1: 1970 | BK1: 1971 | BL1: 1972 | BM1: 1973 | BN1: 1974 | BO1: 1975 | BP1: 1976 | BQ1: 1977 | BR1: 1978 | BS1: 1979 | BT1: 1980 | BU1: 1981 | BV1: 1982 | BW1: 1983 | BX1: 1984 | BY1: 1985 | BZ1: 1986 | CA1: 1987 | CB1: 1988 | CC1: 1989 | CD1: 1990 | CE1: 1991 | CF1: 1992 | CG1: 1993 | CH1: 1994 | CI1: 1995 | CJ1: 1996 | CK1: 1997 | CL1: 1998 | CM1: 1999 | CN1: 2000 | CO1: 2001 | CP1: 2002 | CQ1: 2003 | CR1: 2004 | CS1: 2005 | CT1: 2006 | CU1: 2007 | CV1: 2008 | CW1: 2009 | CX1: 2010 | CY1: 2011 | CZ1: 2012 | DA1: 2013 | DB1: 2014 | DC1: 2015 | DD1: 2016 | DE1: 2017 | DF1: 2018 | DG1: 2019 | DH1: 2020 | DI1: 2021
A2: 0 | B2: 0.16112 | C2: 0.172525 | D2: 0.14791 | E2: 0.147737 | F2: 0.141998 | G2: 0.163751 | H2: 0.16125 | I2: 0.158625 | J2: 0.209396 | K2: 0.174798 | L2: 0.154567 | M2: 0.151863 | N2: 0.138223 | O2: 0.132857 | P2: 0.132565 | Q2: 0.129533 | R2: 0.135582 | S2: 0.130365 | T2: 0.128922 | U2: 0.132866 | V2: 0.116718 | W2: 0.116968 | X2: 0.116975 | Y2: 0.107722 | Z2: 0.104169 | AA2: 0.108249 | AB2: 0.104616 | AC2: 0.119258 | AD2: 0.115359 | AE2: 0.104213 | AF2: 0.109852 | AG2: 0.114689 | AH2: 0.122412 | AI2: 0.121313 | AJ2: 0.107206 | AK2: 0.111331 | AL2: 0.104257 | AM2: 0.088689 | AN2: 0.076444 | AO2: 0.074329 | AP2: 0.066844 | AQ2: 0.067505 | AR2: 0.065909 | AS2: 0.060512 | AT2: 0.056369 | AU2: 0.052613 | AV2: 0.050542 | AW2: 0.052437 | AX2: 0.049783 | AY2: 0.047916 | AZ2: 0.045486 | BA2: 0.043112 | BB2: 0.043706 | BC2: 0.041931 | BD2: 0.0382 | BE2: 0.036379 | BF2: 0.035406 | BG2: 0.033628 | BH2: 0.033092 | BI2: 0.031807 | BJ2: 0.029877 | BK2: 0.029501 | BL2: 0.027526 | BM2: 0.026466 | BN2: 0.023349 | BO2: 0.02089 | BP2: 0.019235 | BQ2: 0.017897 | BR2: 0.016959 | BS2: 0.015382 | BT2: 0.014495 | BU2: 0.014188 | BV2: 0.013115 | BW2: 0.011981 | BX2: 0.011184 | BY2: 0.010322 | BZ2: 0.009958 | CA2: 0.009743 | CB2: 0.009358 | CC2: 0.00862 | CD2: 0.008189 | CE2: 0.008461 | CF2: 0.008284 | CG2: 0.006979 | CH2: 0.00647 | CI2: 0.006191 | CJ2: 0.006151 | CK2: 0.005491 | CL2: 0.005401 | CM2: 0.005151 | CN2: 0.004553 | CO2: 0.004656 | CP2: 0.004443 | CQ2: 0.003752 | CR2: 0.003836 | CS2: 0.003586 | CT2: 0.003461 | CU2: 0.003317 | CV2: 0.003349 | CW2: 0.003445 | CX2: 0.003186 | CY2: 0.003088 | CZ2: 0.002984 | DA2: 0.002913 | DB2: 0.002756 | DC2: 0.002863 | DD2: 0.002813 | DE2: 0.00287 | DF2: 0.002844 | DG2: 0.002496 | DH2: 0.002462 | DI2: 0.002584
A3: 1 | B3: 0.065061 | C3: 0.074446 | D3: 0.058148 | E3: 0.063191 | F3: 0.052998 | G3: 0.067914 | H3: 0.073304 | I3: 0.061814 | J3: 0.11136 | K3: 0.064884 | L3: 0.065747 | M3: 0.057538 | N3: 0.050515 | O3: 0.050925 | P3: 0.044157 | Q3: 0.049422 | R3: 0.053586 | S3: 0.045433 | T3: 0.046637 | U3: 0.045524 | V3: 0.040439 | W3: 0.039584 | X3: 0.039752 | Y3: 0.033721 | Z3: 0.035596 | AA3: 0.035611 | AB3: 0.033651 | AC3: 0.038863 | AD3: 0.035697 | AE3: 0.031798 | AF3: 0.028945 | AG3: 0.032977 | AH3: 0.03047 | AI3: 0.031708 | AJ3: 0.024378 | AK3: 0.027247 | AL3: 0.028862 | AM3: 0.018766 | AN3: 0.014578 | AO3: 0.014628 | AP3: 0.011264 | AQ3: 0.011039 | AR3: 0.010058 | AS3: 0.008034 | AT3: 0.006469 | AU3: 0.005594 | AV3: 0.0052 | AW3: 0.005531 | AX3: 0.005379 | AY3: 0.004675 | AZ3: 0.004333 | BA3: 0.003672 | BB3: 0.003657 | BC3: 0.003243 | BD3: 0.002832 | BE3: 0.002571 | BF3: 0.002373 | BG3: 0.002126 | BH3: 0.00206 | BI3: 0.00197 | BJ3: 0.001794 | BK3: 0.0015 | BL3: 0.001387 | BM3: 0.001206 | BN3: 0.001064 | BO3: 0.000957 | BP3: 0.000925 | BQ3: 0.000881 | BR3: 0.000864 | BS3: 0.00082 | BT3: 0.000842 | BU3: 0.00075 | BV3: 0.000671 | BW3: 0.00072 | BX3: 0.000525 | BY3: 0.00055 | BZ3: 0.000501 | CA3: 0.000595 | CB3: 0.000506 | CC3: 0.000424 | CD3: 0.000434 | CE3: 0.000496 | CF3: 0.000497 | CG3: 0.000482 | CH3: 0.000409 | CI3: 0.000448 | CJ3: 0.000425 | CK3: 0.00042 | CL3: 0.000295 | CM3: 0.000309 | CN3: 0.000308 | CO3: 0.000296 | CP3: 0.000295 | CQ3: 0.00025 | CR3: 0.000258 | CS3: 0.000213 | CT3: 0.000237 | CU3: 0.000224 | CV3: 0.000197 | CW3: 0.000229 | CX3: 0.000213 | CY3: 0.000195 | CZ3: 0.000217 | DA3: 0.000202 | DB3: 0.000155 | DC3: 0.000194 | DD3: 0.000171 | DE3: 0.000201 | DF3: 0.000209 | DG3: 0.000161 | DH3: 0.000147 | DI3: 0.000165
A4: 2 | B4: 0.030173 | C4: 0.029636 | D4: 0.026244 | E4: 0.026626 | F4: 0.022532 | G4: 0.027426 | H4: 0.031933 | I4: 0.026144 | J4: 0.058577 | K4: 0.030002 | L4: 0.028887 | M4: 0.023744 | N4: 0.022017 | O4: 0.020045 | P4: 0.017019 | Q4: 0.019359 | R4: 0.020429 | S4: 0.017119 | T4: 0.01697 | U4: 0.016321 | V4: 0.014078 | W4: 0.013059 | X4: 0.012898 | Y4: 0.012021 | Z4: 0.011333 | AA4: 0.011136 | AB4: 0.011065 | AC4: 0.011694 | AD4: 0.014606 | AE4: 0.009533 | AF4: 0.008549 | AG4: 0.009804 | AH4: 0.009529 | AI4: 0.010443 | AJ4: 0.008617 | AK4: 0.008641 | AL4: 0.009792 | AM4: 0.006863 | AN4: 0.005361 | AO4: 0.005023 | AP4: 0.003785 | AQ4: 0.003485 | AR4: 0.003406 | AS4: 0.003039 | AT4: 0.002487 | AU4: 0.00237 | AV4: 0.002218 | AW4: 0.002244 | AX4: 0.002167 | AY4: 0.002046 | AZ4: 0.001829 | BA4: 0.00164 | BB4: 0.001732 | BC4: 0.001506 | BD4: 0.001344 | BE4: 0.001286 | BF4: 0.001108 | BG4: 0.001088 | BH4: 0.001045 | BI4: 0.001063 | BJ4: 0.000964 | BK4: 0.000942 | BL4: 0.000812 | BM4: 0.000748 | BN4: 0.000611 | BO4: 0.000607 | BP4: 0.000561 | BQ4: 0.00051 | BR4: 0.000506 | BS4: 0.000483 | BT4: 0.000543 | BU4: 0.000433 | BV4: 0.000425 | BW4: 0.000469 | BX4: 0.000384 | BY4: 0.000366 | BZ4: 0.000325 | CA4: 0.000312 | CB4: 0.000338 | CC4: 0.000327 | CD4: 0.00028 | CE4: 0.000317 | CF4: 0.000343 | CG4: 0.000423 | CH4: 0.000355 | CI4: 0.000322 | CJ4: 0.000249 | CK4: 0.000294 | CL4: 0.00021 | CM4: 0.000167 | CN4: 0.000188 | CO4: 0.000221 | CP4: 0.000209 | CQ4: 0.000155 | CR4: 0.000158 | CS4: 0.000143 | CT4: 0.000132 | CU4: 0.00015 | CV4: 0.000174 | CW4: 0.000136 | CX4: 0.000129 | CY4: 0.000124 | CZ4: 0.000137 | DA4: 0.000151 | DB4: 0.000132 | DC4: 0.000119 | DD4: 8.1e-05 | DE4: 0.000137 | DF4: 0.000131 | DG4: 0.000107 | DH4: 0.000108 | DI4: 0.000123
A5: 3 | B5: 0.016491 | C5: 0.016769 | D5: 0.014495 | E5: 0.015509 | F5: 0.012636 | G5: 0.015068 | H5: 0.017717 | I5: 0.015218 | J5: 0.037842 | K5: 0.016921 | L5: 0.016206 | M5: 0.012465 | N5: 0.012578 | O5: 0.01145 | P5: 0.011151 | Q5: 0.010741 | R5: 0.010485 | S5: 0.009354 | T5: 0.009072 | U5: 0.008588 | V5: 0.007716 | W5: 0.007423 | X5: 0.006961 | Y5: 0.006999 | Z5: 0.006445 | AA5: 0.00626 | AB5: 0.006083 | AC5: 0.00633 | AD5: 0.004457 | AE5: 0.005185 | AF5: 0.004953 | AG5: 0.005387 | AH5: 0.005065 | AI5: 0.005757 | AJ5: 0.005043 | AK5: 0.004768 | AL5: 0.005003 | AM5: 0.003838 | AN5: 0.002996 | AO5: 0.002933 | AP5: 0.002223 | AQ5: 0.002072 | AR5: 0.00198 | AS5: 0.001783 | AT5: 0.001648 | AU5: 0.00153 | AV5: 0.001415 | AW5: 0.001585 | AX5: 0.001391 | AY5: 0.001394 | AZ5: 0.001239 | BA5: 0.001156 | BB5: 0.0011 | BC5: 0.001065 | BD5: 0.000935 | BE5: 0.000905 | BF5: 0.000771 | BG5: 0.000765 | BH5: 0.000803 | BI5: 0.000723 | BJ5: 0.000706 | BK5: 0.000645 | BL5: 0.000593 | BM5: 0.000609 | BN5: 0.000491 | BO5: 0.000483 | BP5: 0.000447 | BQ5: 0.000435 | BR5: 0.000432 | BS5: 0.000378 | BT5: 0.000432 | BU5: 0.000368 | BV5: 0.000328 | BW5: 0.000364 | BX5: 0.000327 | BY5: 0.000311 | BZ5: 0.000246 | CA5: 0.000266 | CB5: 0.000268 | CC5: 0.000225 | CD5: 0.00023 | CE5: 0.000253 | CF5: 0.000241 | CG5: 0.000364 | CH5: 0.000299 | CI5: 0.000253 | CJ5: 0.000205 | CK5: 0.000283 | CL5: 0.000206 | CM5: 0.000158 | CN5: 0.000139 | CO5: 0.000165 | CP5: 0.000177 | CQ5: 0.000148 | CR5: 0.000124 | CS5: 0.000151 | CT5: 0.000113 | CU5: 0.000118 | CV5: 0.000155 | CW5: 8.9e-05 | CX5: 0.000129 | CY5: 0.000111 | CZ5: 8.5e-05 | DA5: 0.0001 | DB5: 0.00012 | DC5: 9.9e-05 | DD5: 9e-05 | DE5: 9.5e-05 | DF5: 8.6e-05 | DG5: 0.000101 | DH5: 7.2e-05 | DI5: 9.2e-05
A6: 4 | B6: 0.011219 | C6: 0.011249 | D6: 0.010001 | E6: 0.009948 | F6: 0.009014 | G6: 0.010047 | H6: 0.012161 | I6: 0.010661 | J6: 0.028605 | K6: 0.012742 | L6: 0.011222 | M6: 0.008448 | N6: 0.007879 | O6: 0.007981 | P6: 0.00779 | Q6: 0.007947 | R6: 0.007216 | S6: 0.006144 | T6: 0.006141 | U6: 0.005826 | V6: 0.005372 | W6: 0.004983 | X6: 0.004747 | Y6: 0.004584 | Z6: 0.004401 | AA6: 0.004448 | AB6: 0.003954 | AC6: 0.004376 | AD6: 0.003004 | AE6: 0.003637 | AF6: 0.003425 | AG6: 0.003845 | AH6: 0.003835 | AI6: 0.00407 | AJ6: 0.003816 | AK6: 0.003381 | AL6: 0.003468 | AM6: 0.00262 | AN6: 0.002158 | AO6: 0.002104 | AP6: 0.001603 | AQ6: 0.001546 | AR6: 0.001522 | AS6: 0.0014 | AT6: 0.001218 | AU6: 0.001209 | AV6: 0.001091 | AW6: 0.001177 | AX6: 0.001047 | AY6: 0.000965 | AZ6: 0.000967 | BA6: 0.000844 | BB6: 0.000844 | BC6: 0.000899 | BD6: 0.000806 | BE6: 0.000704 | BF6: 0.000661 | BG6: 0.000634 | BH6: 0.000648 | BI6: 0.000604 | BJ6: 0.000567 | BK6: 0.000571 | BL6: 0.000541 | BM6: 0.000497 | BN6: 0.000412 | BO6: 0.000448 | BP6: 0.000402 | BQ6: 0.000348 | BR6: 0.000353 | BS6: 0.00032 | BT6: 0.000339 | BU6: 0.000277 | BV6: 0.000274 | BW6: 0.000294 | BX6: 0.000282 | BY6: 0.000272 | BZ6: 0.000213 | CA6: 0.000258 | CB6: 0.000212 | CC6: 0.000204 | CD6: 0.00022 | CE6: 0.000203 | CF6: 0.000186 | CG6: 0.000227 | CH6: 0.000241 | CI6: 0.000164 | CJ6: 0.000219 | CK6: 0.000197 | CL6: 0.000138 | CM6: 0.000134 | CN6: 0.000138 | CO6: 0.000163 | CP6: 0.000149 | CQ6: 0.000134 | CR6: 0.000119 | CS6: 0.000117 | CT6: 0.000148 | CU6: 9.8e-05 | CV6: 8.7e-05 | CW6: 0.000107 | CX6: 0.000105 | CY6: 9.4e-05 | CZ6: 9.2e-05 | DA6: 8.3e-05 | DB6: 9.1e-05 | DC6: 8.9e-05 | DD6: 6.1e-05 | DE6: 8.5e-05 | DF6: 8.7e-05 | DG6: 7.7e-05 | DH6: 7.5e-05 | DI6: 6.5e-05
A7: 5 | B7: 0.00767 | C7: 0.007724 | D7: 0.006728 | E7: 0.007412 | F7: 0.006138 | G7: 0.007107 | H7: 0.008589 | I7: 0.007912 | J7: 0.0209 | K7: 0.009012 | L7: 0.008131 | M7: 0.005783 | N7: 0.005452 | O7: 0.005172 | P7: 0.005643 | Q7: 0.005773 | R7: 0.005363 | S7: 0.004531 | T7: 0.004379 | U7: 0.004188 | V7: 0.003843 | W7: 0.003607 | X7: 0.00358 | Y7: 0.003529 | Z7: 0.003313 | AA7: 0.003413 | AB7: 0.003151 | AC7: 0.003134 | AD7: 0.003015 | AE7: 0.002749 | AF7: 0.002502 | AG7: 0.0028 | AH7: 0.002955 | AI7: 0.003413 | AJ7: 0.003111 | AK7: 0.002766 | AL7: 0.002558 | AM7: 0.002053 | AN7: 0.00172 | AO7: 0.001582 | AP7: 0.001263 | AQ7: 0.001178 | AR7: 0.001181 | AS7: 0.001084 | AT7: 0.000921 | AU7: 0.000975 | AV7: 0.00087 | AW7: 0.000898 | AX7: 0.0009 | AY7: 0.000875 | AZ7: 0.000744 | BA7: 0.000765 | BB7: 0.000688 | BC7: 0.000692 | BD7: 0.000603 | BE7: 0.000593 | BF7: 0.00059 | BG7: 0.000526 | BH7: 0.000546 | BI7: 0.000547 | BJ7: 0.000514 | BK7: 0.000489 | BL7: 0.000437 | BM7: 0.000482 | BN7: 0.000376 | BO7: 0.000364 | BP7: 0.000358 | BQ7: 0.000317 | BR7: 0.000293 | BS7: 0.000305 | BT7: 0.000331 | BU7: 0.000273 | BV7: 0.000265 | BW7: 0.000234 | BX7: 0.000208 | BY7: 0.000202 | BZ7: 0.000191 | CA7: 0.000205 | CB7: 0.000219 | CC7: 0.000182 | CD7: 0.000199 | CE7: 0.000236 | CF7: 0.000195 | CG7: 0.000214 | CH7: 0.0002 | CI7: 0.000223 | CJ7: 0.000189 | CK7: 0.000175 | CL7: 0.00011 | CM7: 0.00014 | CN7: 0.000126 | CO7: 0.000124 | CP7: 0.000126 | CQ7: 0.000101 | CR7: 9e-05 | CS7: 0.000109 | CT7: 8.9e-05 | CU7: 7.9e-05 | CV7: 7.9e-05 | CW7: 8.1e-05 | CX7: 8.4e-05 | CY7: 9.8e-05 | CZ7: 8.6e-05 | DA7: 6.5e-05 | DB7: 7.1e-05 | DC7: 6.3e-05 | DD7: 6.6e-05 | DE7: 7.6e-05 | DF7: 9.3e-05 | DG7: 4.4e-05 | DH7: 6.5e-05 | DI7: 6.6e-05
A8: 6 | B8: 0.006037 | C8: 0.006268 | D8: 0.005306 | E8: 0.00538 | F8: 0.005109 | G8: 0.005405 | H8: 0.006558 | I8: 0.0061 | J8: 0.017864 | K8: 0.007267 | L8: 0.00635 | M8: 0.004904 | N8: 0.004178 | O8: 0.003954 | P8: 0.003936 | Q8: 0.004617 | R8: 0.004323 | S8: 0.003974 | T8: 0.003498 | U8: 0.003418 | V8: 0.003121 | W8: 0.00292 | X8: 0.002922 | Y8: 0.002786 | Z8: 0.002665 | AA8: 0.002673 | AB8: 0.002479 | AC8: 0.002589 | AD8: 0.002556 | AE8: 0.002389 | AF8: 0.002117 | AG8: 0.002285 | AH8: 0.002444 | AI8: 0.003109 | AJ8: 0.002848 | AK8: 0.002477 | AL8: 0.002104 | AM8: 0.001785 | AN8: 0.001434 | AO8: 0.001347 | AP8: 0.001057 | AQ8: 0.000993 | AR8: 0.000962 | AS8: 0.00095 | AT8: 0.00081 | AU8: 0.000833 | AV8: 0.0008 | AW8: 0.000768 | AX8: 0.000788 | AY8: 0.000701 | AZ8: 0.00069 | BA8: 0.000672 | BB8: 0.000641 | BC8: 0.000629 | BD8: 0.000573 | BE8: 0.000528 | BF8: 0.000493 | BG8: 0.00049 | BH8: 0.000466 | BI8: 0.000453 | BJ8: 0.000455 | BK8: 0.000446 | BL8: 0.000445 | BM8: 0.000422 | BN8: 0.000365 | BO8: 0.000408 | BP8: 0.000346 | BQ8: 0.000354 | BR8: 0.000336 | BS8: 0.000258 | BT8: 0.000342 | BU8: 0.000259 | BV8: 0.000283 | BW8: 0.000244 | BX8: 0.000224 | BY8: 0.000214 | BZ8: 0.00021 | CA8: 0.000205 | CB8: 0.000174 | CC8: 0.000172 | CD8: 0.000147 | CE8: 0.000194 | CF8: 0.000162 | CG8: 0.00024 | CH8: 0.000194 | CI8: 0.000222 | CJ8: 0.000153 | CK8: 0.000192 | CL8: 0.000139 | CM8: 0.000139 | CN8: 0.000137 | CO8: 0.000115 | CP8: 0.000147 | CQ8: 0.000107 | CR8: 9.5e-05 | CS8: 9.5e-05 | CT8: 0.000106 | CU8: 9.9e-05 | CV8: 8.6e-05 | CW8: 8.1e-05 | CX8: 8.3e-05 | CY8: 7.8e-05 | CZ8: 6.9e-05 | DA8: 6.1e-05 | DB8: 8.8e-05 | DC8: 6.2e-05 | DD8: 8.6e-05 | DE8: 9.3e-05 | DF8: 6.2e-05 | DG8: 6.8e-05 | DH8: 7.3e-05 | DI8: 5.9e-05
A9: 7 | B9: 0.004554 | C9: 0.004925 | D9: 0.004173 | E9: 0.004141 | F9: 0.004006 | G9: 0.004465 | H9: 0.004877 | I9: 0.005009 | J9: 0.014379 | K9: 0.005818 | L9: 0.00512 | M9: 0.004058 | N9: 0.003371 | O9: 0.002982 | P9: 0.003254 | Q9: 0.003368 | R9: 0.003359 | S9: 0.003144 | T9: 0.003038 | U9: 0.002742 | V9: 0.0025 | W9: 0.002506 | X9: 0.002417 | Y9: 0.002323 | Z9: 0.002306 | AA9: 0.002301 | AB9: 0.002115 | AC9: 0.00225 | AD9: 0.00211 | AE9: 0.001925 | AF9: 0.001815 | AG9: 0.002091 | AH9: 0.002067 | AI9: 0.002618 | AJ9: 0.002631 | AK9: 0.002316 | AL9: 0.0019 | AM9: 0.001537 | AN9: 0.001267 | AO9: 0.00113 | AP9: 0.00095 | AQ9: 0.000892 | AR9: 0.000811 | AS9: 0.000863 | AT9: 0.000716 | AU9: 0.000729 | AV9: 0.000741 | AW9: 0.00075 | AX9: 0.000694 | AY9: 0.000585 | AZ9: 0.000582 | BA9: 0.000541 | BB9: 0.000563 | BC9: 0.000601 | BD9: 0.000533 | BE9: 0.000509 | BF9: 0.000425 | BG9: 0.000431 | BH9: 0.000397 | BI9: 0.000373 | BJ9: 0.000439 | BK9: 0.000413 | BL9: 0.0004 | BM9: 0.000359 | BN9: 0.000373 | BO9: 0.000302 | BP9: 0.000329 | BQ9: 0.000341 | BR9: 0.000288 | BS9: 0.00025 | BT9: 0.000325 | BU9: 0.000245 | BV9: 0.000227 | BW9: 0.000221 | BX9: 0.000219 | BY9: 0.000198 | BZ9: 0.000196 | CA9: 0.000179 | CB9: 0.000187 | CC9: 0.000164 | CD9: 0.000166 | CE9: 0.000159 | CF9: 0.000166 | CG9: 0.000183 | CH9: 0.000185 | CI9: 0.000179 | CJ9: 0.000187 | CK9: 0.000164 | CL9: 0.00013 | CM9: 0.00011 | CN9: 0.000107 | CO9: 9.4e-05 | CP9: 0.000128 | CQ9: 0.000114 | CR9: 8.4e-05 | CS9: 9.8e-05 | CT9: 8.1e-05 | CU9: 9.4e-05 | CV9: 6.8e-05 | CW9: 0.000107 | CX9: 8.2e-05 | CY9: 7.4e-05 | CZ9: 7e-05 | DA9: 9.2e-05 | DB9: 5.6e-05 | DC9: 5.4e-05 | DD9: 6e-05 | DE9: 7.2e-05 | DF9: 5.5e-05 | DG9: 4.5e-05 | DH9: 4.6e-05 | DI9: 5.7e-05
A10: 8 | B10: 0.003767 | C10: 0.003767 | D10: 0.003412 | E10: 0.003535 | F10: 0.003124 | G10: 0.003644 | H10: 0.004261 | I10: 0.004178 | J10: 0.013617 | K10: 0.005005 | L10: 0.004493 | M10: 0.003224 | N10: 0.00296 | O10: 0.002633 | P10: 0.002565 | Q10: 0.002672 | R10: 0.0027 | S10: 0.00254 | T10: 0.002616 | U10: 0.00254 | V10: 0.002275 | W10: 0.002168 | X10: 0.002152 | Y10: 0.002078 | Z10: 0.001908 | AA10: 0.001952 | AB10: 0.001895 | AC10: 0.002027 | AD10: 0.001764 | AE10: 0.001666 | AF10: 0.001668 | AG10: 0.001792 | AH10: 0.001834 | AI10: 0.002585 | AJ10: 0.002541 | AK10: 0.002189 | AL10: 0.001669 | AM10: 0.001415 | AN10: 0.001062 | AO10: 0.000982 | AP10: 0.000802 | AQ10: 0.000784 | AR10: 0.000751 | AS10: 0.000695 | AT10: 0.000644 | AU10: 0.000623 | AV10: 0.00062 | AW10: 0.000654 | AX10: 0.000615 | AY10: 0.000602 | AZ10: 0.000533 | BA10: 0.000461 | BB10: 0.000516 | BC10: 0.000506 | BD10: 0.000449 | BE10: 0.000429 | BF10: 0.000407 | BG10: 0.000394 | BH10: 0.000408 | BI10: 0.000394 | BJ10: 0.000364 | BK10: 0.000381 | BL10: 0.000382 | BM10: 0.000354 | BN10: 0.000322 | BO10: 0.000333 | BP10: 0.000347 | BQ10: 0.000293 | BR10: 0.000281 | BS10: 0.000275 | BT10: 0.000285 | BU10: 0.000206 | BV10: 0.000225 | BW10: 0.00021 | BX10: 0.000221 | BY10: 0.000211 | BZ10: 0.000177 | CA10: 0.000192 | CB10: 0.000139 | CC10: 0.000159 | CD10: 0.000154 | CE10: 0.000193 | CF10: 0.000181 | CG10: 0.000184 | CH10: 0.000148 | CI10: 0.000167 | CJ10: 0.000163 | CK10: 0.000129 | CL10: 0.000118 | CM10: 8.1e-05 | CN10: 0.00014 | CO10: 0.0001 | CP10: 0.000135 | CQ10: 8.9e-05 | CR10: 9e-05 | CS10: 7.4e-05 | CT10: 7.8e-05 | CU10: 0.000101 | CV10: 7.4e-05 | CW10: 6.9e-05 | CX10: 5.6e-05 | CY10: 8.6e-05 | CZ10: 6.3e-05 | DA10: 5.6e-05 | DB10: 6e-05 | DC10: 6.3e-05 | DD10: 8.3e-05 | DE10: 5.8e-05 | DF10: 6.3e-05 | DG10: 5.3e-05 | DH10: 5.4e-05 | DI10: 7.5e-05
A11: 9 | B11: 0.003235 | C11: 0.003364 | D11: 0.002937 | E11: 0.003026 | F11: 0.002708 | G11: 0.003119 | H11: 0.003625 | I11: 0.003875 | J11: 0.011524 | K11: 0.004349 | L11: 0.003946 | M11: 0.003248 | N11: 0.002618 | O11: 0.002689 | P11: 0.002376 | Q11: 0.002297 | R11: 0.00215 | S11: 0.002225 | T11: 0.002425 | U11: 0.002222 | V11: 0.002125 | W11: 0.001857 | X11: 0.001931 | Y11: 0.001916 | Z11: 0.001843 | AA11: 0.001803 | AB11: 0.001653 | AC11: 0.00184 | AD11: 0.001533 | AE11: 0.001604 | AF11: 0.001556 | AG11: 0.001611 | AH11: 0.001772 | AI11: 0.00251 | AJ11: 0.002525 | AK11: 0.002093 | AL11: 0.001651 | AM11: 0.00138 | AN11: 0.00108 | AO11: 0.000963 | AP11: 0.000731 | AQ11: 0.000705 | AR11: 0.000688 | AS11: 0.00068 | AT11: 0.000594 | AU11: 0.000554 | AV11: 0.000587 | AW11: 0.000626 | AX11: 0.000507 | AY11: 0.000547 | AZ11: 0.000445 | BA11: 0.000468 | BB11: 0.000476 | BC11: 0.00048 | BD11: 0.000418 | BE11: 0.000439 | BF11: 0.0004 | BG11: 0.000363 | BH11: 0.000419 | BI11: 0.000382 | BJ11: 0.000348 | BK11: 0.000322 | BL11: 0.00034 | BM11: 0.000355 | BN11: 0.000313 | BO11: 0.000292 | BP11: 0.000265 | BQ11: 0.000293 | BR11: 0.000272 | BS11: 0.000263 | BT11: 0.000317 | BU11: 0.000253 | BV11: 0.000224 | BW11: 0.000212 | BX11: 0.00019 | BY11: 0.000196 | BZ11: 0.000169 | CA11: 0.000167 | CB11: 0.000169 | CC11: 0.000162 | CD11: 0.000181 | CE11: 0.000129 | CF11: 0.000148 | CG11: 0.000185 | CH11: 0.00018 | CI11: 0.000118 | CJ11: 0.000151 | CK11: 0.000127 | CL11: 0.000155 | CM11: 0.000104 | CN11: 0.000122 | CO11: 0.000112 | CP11: 0.000123 | CQ11: 8.7e-05 | CR11: 8.3e-05 | CS11: 9.7e-05 | CT11: 8.4e-05 | CU11: 7e-05 | CV11: 6.9e-05 | CW11: 9.4e-05 | CX11: 6.7e-05 | CY11: 8.6e-05 | CZ11: 6.2e-05 | DA11: 7.7e-05 | DB11: 6.2e-05 | DC11: 6.7e-05 | DD11: 7.6e-05 | DE11: 7.9e-05 | DF11: 6.2e-05 | DG11: 6.1e-05 | DH11: 4.5e-05 | DI11: 3.5e-05
A12: 10 | B12: 0.002955 | C12: 0.003256 | D12: 0.002759 | E12: 0.002805 | F12: 0.00265 | G12: 0.003044 | H12: 0.003308 | I12: 0.003504 | J12: 0.011722 | K12: 0.003968 | L12: 0.00368 | M12: 0.002911 | N12: 0.002609 | O12: 0.002323 | P12: 0.002415 | Q12: 0.002339 | R12: 0.002221 | S12: 0.002086 | T12: 0.002 | U12: 0.002068 | V12: 0.001897 | W12: 0.001977 | X12: 0.001808 | Y12: 0.001735 | Z12: 0.001669 | AA12: 0.001677 | AB12: 0.001639 | AC12: 0.001731 | AD12: 0.00167 | AE12: 0.001567 | AF12: 0.001551 | AG12: 0.00151 | AH12: 0.001669 | AI12: 0.00257 | AJ12: 0.002467 | AK12: 0.002094 | AL12: 0.001566 | AM12: 0.001317 | AN12: 0.001069 | AO12: 0.000944 | AP12: 0.000728 | AQ12: 0.000704 | AR12: 0.000657 | AS12: 0.000648 | AT12: 0.000599 | AU12: 0.00054 | AV12: 0.000558 | AW12: 0.000633 | AX12: 0.000491 | AY12: 0.000496 | AZ12: 0.00049 | BA12: 0.000461 | BB12: 0.000439 | BC12: 0.000454 | BD12: 0.00043 | BE12: 0.000395 | BF12: 0.000332 | BG12: 0.000392 | BH12: 0.000377 | BI12: 0.00036 | BJ12: 0.000334 | BK12: 0.000327 | BL12: 0.000328 | BM12: 0.000358 | BN12: 0.000268 | BO12: 0.00028 | BP12: 0.000293 | BQ12: 0.000263 | BR12: 0.000276 | BS12: 0.000257 | BT12: 0.000254 | BU12: 0.000208 | BV12: 0.000192 | BW12: 0.000217 | BX12: 0.000197 | BY12: 0.000214 | BZ12: 0.0002 | CA12: 0.000191 | CB12: 0.000144 | CC12: 0.000147 | CD12: 0.000153 | CE12: 0.000141 | CF12: 0.000173 | CG12: 0.000168 | CH12: 0.000162 | CI12: 0.000158 | CJ12: 0.000137 | CK12: 0.000122 | CL12: 0.000134 | CM12: 0.000103 | CN12: 9.2e-05 | CO12: 0.000104 | CP12: 0.000122 | CQ12: 8.6e-05 | CR12: 7.5e-05 | CS12: 8.8e-05 | CT12: 6.3e-05 | CU12: 0.000103 | CV12: 8.2e-05 | CW12: 7.4e-05 | CX12: 6.9e-05 | CY12: 7.5e-05 | CZ12: 7.5e-05 | DA12: 6.7e-05 | DB12: 4.5e-05 | DC12: 5.2e-05 | DD12: 9.6e-05 | DE12: 9.1e-05 | DF12: 6.3e-05 | DG12: 7.4e-05 | DH12: 6.1e-05 | DI12: 7.4e-05
A13: 11 | B13: 0.002771 | C13: 0.00298 | D13: 0.002582 | E13: 0.002632 | F13: 0.002509 | G13: 0.00287 | H13: 0.003019 | I13: 0.003121 | J13: 0.010021 | K13: 0.003549 | L13: 0.003243 | M13: 0.002718 | N13: 0.002332 | O13: 0.002264 | P13: 0.002273 | Q13: 0.002216 | R13: 0.002157 | S13: 0.001906 | T13: 0.001826 | U13: 0.001937 | V13: 0.001763 | W13: 0.001791 | X13: 0.001889 | Y13: 0.001698 | Z13: 0.001702 | AA13: 0.001656 | AB13: 0.001509 | AC13: 0.001672 | AD13: 0.001612 | AE13: 0.001497 | AF13: 0.001463 | AG13: 0.001594 | AH13: 0.001665 | AI13: 0.00258 | AJ13: 0.002562 | AK13: 0.0021 | AL13: 0.001495 | AM13: 0.001306 | AN13: 0.001031 | AO13: 0.000913 | AP13: 0.00076 | AQ13: 0.000708 | AR13: 0.000628 | AS13: 0.000582 | AT13: 0.000582 | AU13: 0.000551 | AV13: 0.00052 | AW13: 0.000615 | AX13: 0.000469 | AY13: 0.000501 | AZ13: 0.000453 | BA13: 0.00049 | BB13: 0.000438 | BC13: 0.000486 | BD13: 0.000418 | BE13: 0.000379 | BF13: 0.000392 | BG13: 0.000399 | BH13: 0.000356 | BI13: 0.00034 | BJ13: 0.000342 | BK13: 0.000331 | BL13: 0.000349 | BM13: 0.000337 | BN13: 0.000302 | BO13: 0.000286 | BP13: 0.000315 | BQ13: 0.000307 | BR13: 0.000273 | BS13: 0.000302 | BT13: 0.000308 | BU13: 0.000211 | BV13: 0.000216 | BW13: 0.000222 | BX13: 0.000208 | BY13: 0.000195 | BZ13: 0.000208 | CA13: 0.00016 | CB13: 0.000171 | CC13: 0.000157 | CD13: 0.000159 | CE13: 0.000169 | CF13: 0.000168 | CG13: 0.000199 | CH13: 0.000138 | CI13: 0.000158 | CJ13: 0.000168 | CK13: 0.000176 | CL13: 0.000149 | CM13: 0.000125 | CN13: 0.000149 | CO13: 0.00013 | CP13: 9.7e-05 | CQ13: 0.000102 | CR13: 0.000111 | CS13: 6.4e-05 | CT13: 7.8e-05 | CU13: 8.6e-05 | CV13: 8.2e-05 | CW13: 0.000107 | CX13: 9.8e-05 | CY13: 7.4e-05 | CZ13: 5.7e-05 | DA13: 7e-05 | DB13: 7.4e-05 | DC13: 7.3e-05 | DD13: 5.9e-05 | DE13: 8.9e-05 | DF13: 7.2e-05 | DG13: 6.7e-05 | DH13: 6.7e-05 | DI13: 5.2e-05
... A112: 110 | B112: 1.621622 | C112: 4.21978 | D112: 0.957746 | E112: 2.289855 | F112: 1.525773 | G112: 1.115646 | H112: 4.179775 | I112: 6 | J112: 0.794118 | K112: 6 | L112: 0.681356 | M112: 2.093023 | N112: 2.413793 | O112: 1.340806 | P112: 6 | Q112: 2.184971 | R112: 1.372014 | S112: 6 | T112: 0.277992 | U112: 6 | V112: 2.4 | W112: 1.090909 | X112: 2 | Y112: 0.8 | Z112: 6 | AA112: 1.5 | AB112: 3 | AC112: 0.426 | AD112: 6 | AE112: 0.6 | AF112: 1.073892 | AG112: 1.2 | AH112: 3 | AI112: 6 | AJ112: 2.189573 | AK112: 4.264463 | AL112: 6 | AM112: 1.773913 | AN112: 2.241758 | AO112: 1.072539 | AP112: 0.420757 | AQ112: 1.339286 | AR112: 4.054054 | AS112: 1.013514 | AT112: 0.572519 | AU112: 1.384615 | AV112: 1.5 | AW112: 3 | AX112: 1.333333 | AY112: 1.2 | AZ112: 6 | BA112: 1.5 | BB112: 0.857143 | BC112: 0.75 | BD112: 6 | BE112: 3 | BF112: 0.428571 | BG112: 0.545455 | BH112: 1.2 | BI112: 1.2 | BJ112: 3 | BK112: 0.857143 | BL112: 1.5 | BM112: 6 | BN112: 2.4 | BO112: 0.461538 | BP112: 4 | BQ112: 0.428571 | BR112: 1.2 | BS112: 3 | BT112: 2.145411 | BU112: 3 | BV112: 1.090909 | BW112: 1.2 | BX112: 1 | BY112: 1.2 | BZ112: 3 | CA112: 0.36 | CB112: 0.461538 | CC112: 0.857143 | CD112: 0.272727 | CE112: 1.714286 | CF112: 0.375 | CG112: 1.2 | CH112: 0.352941 | CI112: 1.125 | CJ112: 0.62069 | CK112: 1.5 | CL112: 2 | CM112: 0.947368 | CN112: 0.387097 | CO112: 0.473684 | CP112: 0.916497 | CQ112: 0.861038 | CR112: 0.553889 | CS112: 1.444685 | CT112: 0.642055 | CU112: 1.138863 | CV112: 1.11576 | CW112: 0.832542 | CX112: 0.426935 | CY112: 1.27997 | CZ112: 1.07458 | DA112: 0.969682 | DB112: 0.787861 | DC112: 0.554246 | DD112: 0.979209 | DE112: 0.756383 | DF112: 0.571209 | DG112: 1.060474 | DH112: 0.985948 | DI112: 0.626453

Sheet qxLogCentered
A1: Age | B1: 1910 | C1: 1911 | D1: 1912 | E1: 1913 | F1: 1914 | G1: 1915 | H1: 1916 | I1: 1917 | J1: 1918 | K1: 1919 | L1: 1920 | M1: 1921 | N1: 1922 | O1: 1923 | P1: 1924 | Q1: 1925 | R1: 1926 | S1: 1927 | T1: 1928 | U1: 1929 | V1: 1930 | W1: 1931 | X1: 1932 | Y1: 1933 | Z1: 1934 | AA1: 1935 | AB1: 1936 | AC1: 1937 | AD1: 1938 | AE1: 1939 | AF1: 1940 | AG1: 1941 | AH1: 1942 | AI1: 1943 | AJ1: 1944 | AK1: 1945 | AL1: 1946 | AM1: 1947 | AN1: 1948 | AO1: 1949 | AP1: 1950 | AQ1: 1951 | AR1: 1952 | AS1: 1953 | AT1: 1954 | AU1: 1955 | AV1: 1956 | AW1: 1957 | AX1: 1958 | AY1: 1959 | AZ1: 1960 | BA1: 1961 | BB1: 1962 | BC1: 1963 | BD1: 1964 | BE1: 1965 | BF1: 1966 | BG1: 1967 | BH1: 1968 | BI1: 1969 | BJ1: 1970 | BK1: 1971 | BL1: 1972 | BM1: 1973 | BN1: 1974 | BO1: 1975 | BP1: 1976 | BQ1: 1977 | BR1: 1978 | BS1: 1979 | BT1: 1980 | BU1: 1981 | BV1: 1982 | BW1: 1983 | BX1: 1984 | BY1: 1985 | BZ1: 1986 | CA1: 1987 | CB1: 1988 | CC1: 1989 | CD1: 1990 | CE1: 1991 | CF1: 1992 | CG1: 1993 | CH1: 1994 | CI1: 1995 | CJ1: 1996 | CK1: 1997 | CL1: 1998 | CM1: 1999 | CN1: 2000 | CO1: 2001 | CP1: 2002 | CQ1: 2003 | CR1: 2004 | CS1: 2005 | CT1: 2006 | CU1: 2007 | CV1: 2008 | CW1: 2009 | CX1: 2010 | CY1: 2011 | CZ1: 2012 | DA1: 2013 | DB1: 2014 | DC1: 2015 | DD1: 2016 | DE1: 2017 | DF1: 2018 | DG1: 2019 | DH1: 2020 | DI1: 2021
A2: 0 | B2: 1.7799521 | C2: 1.8483448 | D2: 1.6944066 | E2: 1.6932363 | F2: 1.6536156 | G2: 1.7961496 | H2: 1.7807586 | I2: 1.7643456 | J2: 2.0420299 | K2: 1.8614337 | L2: 1.7384303 | M2: 1.7207815 | N2: 1.626671 | O2: 1.587076 | P2: 1.5848757 | Q2: 1.5617383 | R2: 1.6073793 | S2: 1.5681409 | T2: 1.5570102 | U2: 1.5871438 | V2: 1.4575634 | W2: 1.459703 | X2: 1.4597629 | Y2: 1.3773565 | Z2: 1.3438172 | AA2: 1.3822368 | AB2: 1.3480992 | AC2: 1.4790919 | AD2: 1.4458517 | AE2: 1.3442395 | AF2: 1.3969367 | AG2: 1.4400268 | AH2: 1.5051951 | AI2: 1.4961766 | AJ2: 1.3725549 | AK2: 1.4103104 | AL2: 1.3446617 | AM2: 1.1829385 | AN2: 1.0343611 | AO2: 1.0063038 | AP2: 0.9001642 | AQ2: 0.91000433 | AR2: 0.88607766 | AS2: 0.80064435 | AT2: 0.72972202 | AU2: 0.66076589 | AV2: 0.62060733 | AW2: 0.65741511 | AX2: 0.60547622 | AY2: 0.56725213 | AZ2: 0.51520724 | BA2: 0.46160404 | BB2: 0.47528805 | BC2: 0.43382807 | BD2: 0.34063817 | BE2: 0.29179434 | BF2: 0.26468395 | BG2: 0.21316171 | BH2: 0.19709422 | BI2: 0.15748905 | BJ2: 0.09489161 | BK2: 0.082226818 | BL2: 0.012933669 | BM2: -0.026336453 | BN2: -0.15164319 | BO2: -0.26292677 | BP2: -0.34546581 | BQ2: -0.41756424 | BR2: -0.47139868 | BS2: -0.56899935 | BT2: -0.62839358 | BU2: -0.64980081 | BV2: -0.72844073 | BW2: -0.81887528 | BX2: -0.88771316 | BY2: -0.9679198 | BZ2: -1.0038211 | CA2: -1.0256483 | CB2: -1.0659658 | CC2: -1.1481123 | CD2: -1.1994056 | CE2: -1.16673 | CF2: -1.1878714 | CG2: -1.3592917 | CH2: -1.4350212 | CI2: -1.4791007 | CJ2: -1.4855827 | CK2: -1.599087 | CL2: -1.6156132 | CM2: -1.6630065 | CN2: -1.786411 | CO2: -1.7640406 | CP2: -1.8108675 | CQ2: -1.9799083 | CR2: -1.9577672 | CS2: -2.02516 | CT2: -2.0606398 | CU2: -2.1031366 | CV2: -2.0935355 | CW2: -2.0652734 | CX2: -2.1434311 | CY2: -2.1746737 | CZ2: -2.2089327 | DA2: -2.2330139 | DB2: -2.288417 | DC2: -2.2503273 | DD2: -2.2679458 | DE2: -2.2478853 | DF2: -2.2569858 | DG2: -2.3875079 | DH2: -2.4012233 | DI2: -2.3528588
A3: 1 | B3: 2.9997621 | C3: 3.1345108 | D3: 2.8874283 | E3: 2.9705987 | F3: 2.7946909 | G3: 3.042679 | H3: 3.1190519 | I3: 2.9485666 | J3: 3.537205 | K3: 2.9970378 | L3: 3.0102508 | M3: 2.8768824 | N3: 2.7467071 | O3: 2.7547907 | P3: 2.6121882 | Q3: 2.7248324 | R3: 2.8057246 | S3: 2.6406755 | T3: 2.666831 | U3: 2.6426764 | V3: 2.5242314 | W3: 2.5028618 | X3: 2.5070969 | Y3: 2.3425576 | Z3: 2.39667 | AA3: 2.3970913 | AB3: 2.3404795 | AC3: 2.4844794 | AD3: 2.3995034 | AE3: 2.2838402 | AF3: 2.1898342 | AG3: 2.3202471 | AH3: 2.2411794 | AI3: 2.2810058 | AJ3: 2.0181179 | AK3: 2.1293802 | AL3: 2.1869626 | AM3: 1.7564835 | AN3: 1.5039503 | AO3: 1.5073743 | AP3: 1.2460486 | AQ3: 1.2258712 | AR3: 1.1328051 | AS3: 0.90811931 | AT3: 0.69145831 | AU3: 0.54613136 | AV3: 0.47309539 | AW3: 0.5348054 | AX3: 0.50693925 | AY3: 0.36666593 | AZ3: 0.29069691 | BA3: 0.12517324 | BB3: 0.12107991 | BC3: 0.00093559645 | BD3: -0.13458006 | BE3: -0.2312683 | BF3: -0.31140825 | BG3: -0.42132095 | BH3: -0.45285725 | BI3: -0.49752969 | BJ3: -0.59111547 | BK3: -0.77009812 | BL3: -0.84842009 | BM3: -0.98825413 | BN3: -1.1135278 | BO3: -1.2195151 | BP3: -1.2535248 | BQ3: -1.3022609 | BR3: -1.3217457 | BS3: -1.3740142 | BT3: -1.3475385 | BU3: -1.4632453 | BV3: -1.5745494 | BW3: -1.5040673 | BX3: -1.8199202 | BY3: -1.7734002 | BZ3: -1.8667124 | CA3: -1.6947571 | CB3: -1.8567818 | CC3: -2.0335851 | CD3: -2.010274 | CE3: -1.8767426 | CF3: -1.8747285 | CG3: -1.9053744 | CH3: -2.0696034 | CI3: -1.9785253 | CJ3: -2.0312293 | CK3: -2.0430638 | CL3: -2.3963432 | CM3: -2.3499772 | CN3: -2.3532187 | CO3: -2.3929591 | CP3: -2.3963432 | CQ3: -2.5618576 | CR3: -2.5303589 | CS3: -2.7220263 | CT3: -2.6152584 | CU3: -2.6716725 | CV3: -2.8001148 | CW3: -2.6495965 | CX3: -2.7220263 | CY3: -2.810319 | CZ3: -2.7034212 | DA3: -2.7750508 | DB3: -3.0398934 | DC3: -2.8154604 | DD3: -2.941655 | DE3: -2.7800136 | DF3: -2.7409843 | DG3: -3.0019141 | DH3: -3.0928859 | DI3: -2.977373
A4: 2 | B4: 2.9362803 | C4: 2.9183226 | D4: 2.7967702 | E4: 2.811221 | F4: 2.6442693 | G4: 2.8408243 | H4: 2.9929728 | I4: 2.7929525 | J4: 3.5996749 | K4: 2.9305968 | L4: 2.8927245 | M4: 2.6966627 | N4: 2.6211477 | O4: 2.5273125 | P4: 2.3636632 | Q4: 2.4924902 | R4: 2.5462883 | S4: 2.3695218 | T4: 2.3607799 | U4: 2.3217854 | V4: 2.1739461 | W4: 2.0988104 | X4: 2.0864051 | Y4: 2.0159879 | Z4: 1.9570516 | AA4: 1.9395159 | AB4: 1.9331198 | AC4: 1.9884087 | AD4: 2.2107652 | AE4: 1.7840923 | AF4: 1.6751471 | AG4: 1.8121233 | AH4: 1.7836726 | AI4: 1.8752647 | AJ4: 1.6830698 | AK4: 1.6858511 | AL4: 1.8108985 | AM4: 1.4554775 | AN4: 1.2084833 | AO4: 1.1433602 | AP4: 0.86037869 | AQ4: 0.77780085 | AR4: 0.75487138 | AS4: 0.64086132 | AT4: 0.44040997 | AU4: 0.39222276 | AV4: 0.32593869 | AW4: 0.33759279 | AX4: 0.30267653 | AY4: 0.24521947 | AZ4: 0.13310217 | BA4: 0.024029044 | BB4: 0.078609613 | BC4: -0.061210068 | BD4: -0.17501696 | BE4: -0.21913057 | BF4: -0.36811061 | BG4: -0.38632605 | BH4: -0.42665031 | BI4: -0.4095721 | BJ4: -0.50733118 | BK4: -0.5304172 | BL4: -0.67892214 | BM4: -0.7610195 | BN4: -0.96332552 | BO4: -0.96989369 | BP4: -1.0487016 | BQ4: -1.1440118 | BR4: -1.1518858 | BS4: -1.1984058 | BT4: -1.0813132 | BU4: -1.3076847 | BV4: -1.3263333 | BW4: -1.2278197 | BX4: -1.4277799 | BY4: -1.4757891 | BZ4: -1.5945973 | CA4: -1.6354193 | CB4: -1.5553766 | CC4: -1.5884623 | CD4: -1.7436329 | CE4: -1.6195207 | CF4: -1.540692 | CG4: -1.3310503 | CH4: -1.5063047 | CI4: -1.6038709 | CJ4: -1.8609696 | CK4: -1.6948427 | CL4: -2.0313149 | CM4: -2.2604287 | CN4: -2.1419805 | CO4: -1.9802598 | CP4: -2.0360882 | CQ4: -2.3349974 | CR4: -2.3158274 | CS4: -2.4155778 | CT4: -2.4956206 | CU4: -2.3677872 | CV4: -2.2193672 | CW4: -2.4657676 | CX4: -2.5186101 | CY4: -2.5581409 | CZ4: -2.4584416 | DA4: -2.3611426 | DB4: -2.4956206 | DC4: -2.599299 | DD4: -2.9839733 | DE4: -2.4584416 | DF4: -2.5032252 | DG4: -2.7055936 | DH4: -2.6962912 | DI4: -2.5662381
A5: 3 | B5: 2.7169012 | C5: 2.7336184 | D5: 2.5878902 | E5: 2.655507 | F5: 2.4506364 | G5: 2.6266598 | H5: 2.7886111 | I5: 2.6365654 | J5: 3.5475061 | K5: 2.7426419 | L5: 2.699468 | M5: 2.4370112 | N5: 2.4460357 | O5: 2.3520762 | P5: 2.3256157 | Q5: 2.2881547 | R5: 2.2640321 | S5: 2.1498905 | T5: 2.1192792 | U5: 2.0644524 | V5: 1.9573826 | W5: 1.9186698 | X5: 1.8544096 | Y5: 1.8598538 | Z5: 1.7773911 | AA5: 1.7482667 | AB5: 1.7195845 | AC5: 1.7593867 | AD5: 1.4085624 | AE5: 1.5598563 | AF5: 1.5140799 | AG5: 1.5980751 | AH5: 1.5364406 | AI5: 1.664503 | AJ5: 1.5320876 | AK5: 1.4760134 | AL5: 1.5241242 | AM5: 1.2590379 | AN5: 1.0113645 | AO5: 0.99011226 | AP5: 0.71294411 | AQ5: 0.64260079 | AR5: 0.59718332 | AS5: 0.49238381 | AT5: 0.4136489 | AU5: 0.33935421 | AV5: 0.261216 | AW5: 0.37467088 | AX5: 0.24410938 | AY5: 0.24626378 | AZ5: 0.12839107 | BA5: 0.059052241 | BB5: 0.0093966501 | BC5: -0.022938731 | BD5: -0.15312228 | BE5: -0.18573386 | BF5: -0.34598044 | BG5: -0.35379297 | BH5: -0.30531409 | BI5: -0.41025959 | BJ5: -0.43405357 | BK5: -0.52441849 | BL5: -0.60847441 | BM5: -0.58185054 | BN5: -0.79722468 | BO5: -0.81365216 | BP5: -0.89111021 | BQ5: -0.91832278 | BR5: -0.92524322 | BS5: -1.0587746 | BT5: -0.92524322 | BU5: -1.0855859 | BV5: -1.2006552 | BW5: -1.0965149 | BX5: -1.2037086 | BY5: -1.2538759 | BZ5: -1.4883373 | CA5: -1.4101725 | CB5: -1.4026818 | CC5: -1.5775684 | CD5: -1.5555895 | CE5: -1.4602793 | CF5: -1.5088719 | CG5: -1.0965149 | CH5: -1.2932252 | CI5: -1.4602793 | CJ5: -1.6706588 | CK5: -1.3482219 | CL5: -1.6657926 | CM5: -1.9310738 | CN5: -2.0591949 | CO5: -1.8877233 | CP5: -1.8175191 | CQ5: -1.9964565 | CR5: -2.1733872 | CS5: -1.976389 | CT5: -2.266281 | CU5: -2.2229842 | CV5: -1.9502437 | CW5: -2.5050324 | CX5: -2.1338564 | CY5: -2.2841386 | CZ5: -2.5510176 | DA5: -2.3884986 | DB5: -2.2061771 | DC5: -2.398549 | DD5: -2.4938591 | DE5: -2.4397919 | DF5: -2.5393215 | DG5: -2.3785483 | DH5: -2.7170027 | DI5: -2.4718802
A6: 4 | B6: 2.5842562 | C6: 2.5869266 | D6: 2.4693325 | E6: 2.4640189 | F6: 2.3654263 | G6: 2.4739215 | H6: 2.6648815 | I6: 2.5332396 | J6: 3.5202289 | K6: 2.711551 | L6: 2.5845235 | M6: 2.3005771 | N6: 2.2308484 | O6: 2.2437111 | P6: 2.2194883 | Q6: 2.2394419 | R6: 2.1429482 | S6: 1.9821234 | T6: 1.981635 | U6: 1.9289781 | V6: 1.8478477 | W6: 1.7726795 | X6: 1.7241602 | Y6: 1.6892194 | Z6: 1.6484792 | AA6: 1.659102 | AB6: 1.5413751 | AC6: 1.6427825 | AD6: 1.2665921 | AE6: 1.4578066 | AF6: 1.3977489 | AG6: 1.513421 | AH6: 1.5108168 | AI6: 1.5702904 | AJ6: 1.5058502 | AK6: 1.3848189 | AL6: 1.4102255 | AM6: 1.1298217 | AN6: 0.93582926 | AO6: 0.91048769 | AP6: 0.63852427 | AQ6: 0.60231835 | AR6: 0.58667266 | AS6: 0.50311963 | AT6: 0.36385757 | AU6: 0.35644097 | AV6: 0.2537421 | AW6: 0.32961623 | AX6: 0.21257633 | AY6: 0.13102022 | AZ6: 0.13309061 | BA6: -0.0029553876 | BB6: -0.0029553876 | BC6: 0.060175152 | BD6: -0.04902414 | BE6: -0.18432953 | BF6: -0.24735404 | BG6: -0.28905893 | BH6: -0.26721719 | BI6: -0.33753368 | BJ6: -0.40074858 | BK6: -0.39371867 | BL6: -0.4476886 | BM6: -0.53251786 | BN6: -0.72008453 | BO6: -0.63631465 | BP6: -0.74465579 | BQ6: -0.8889054 | BR6: -0.87463983 | BS6: -0.97278689 | BT6: -0.91510777 | BU6: -1.1170904 | BV6: -1.1279798 | BW6: -1.0575281 | BX6: -1.0992008 | BY6: -1.1353058 | BZ6: -1.3798157 | CA6: -1.1881483 | CB6: -1.3845216 | CC6: -1.4229879 | CD6: -1.3474803 | CE6: -1.4279019 | CF6: -1.5153612 | CG6: -1.3161579 | CH6: -1.2563109 | CI6: -1.6412415 | CJ6: -1.3520362 | CK6: -1.4579042 | CL6: -1.8138542 | CM6: -1.8432681 | CN6: -1.8138542 | CO6: -1.6473577 | CP6: -1.7371616 | CQ6: -1.8432681 | CR6: -1.9619844 | CS6: -1.9789339 | CT6: -1.7438956 | CU6: -2.1561404 | CV6: -2.2751998 | CW6: -2.068279 | CX6: -2.0871475 | CY6: -2.1978131 | CZ6: -2.2193193 | DA6: -2.3222673 | DB6: -2.2302484 | DC6: -2.2524715 | DD6: -2.630234 | DE6: -2.2984566 | DF6: -2.2751998 | DG6: -2.3973025 | DH6: -2.4236198 | DI6: -2.5667206
A7: 5 | B7: 2.4092796 | C7: 2.4162954 | D7: 2.2782409 | E7: 2.3750633 | F7: 2.186462 | G7: 2.3330432 | H7: 2.5224453 | I7: 2.4403436 | J7: 3.4117122 | K7: 2.57052 | L7: 2.4676469 | M7: 2.1268856 | N7: 2.0679455 | O7: 2.0152225 | P7: 2.1023789 | Q7: 2.1251549 | R7: 2.0514865 | S7: 1.8829057 | T7: 1.8487834 | U7: 1.8041863 | V7: 1.7182163 | W7: 1.6548394 | X7: 1.6473258 | Y7: 1.6329776 | Z7: 1.5698171 | AA7: 1.5995547 | AB7: 1.5196829 | AC7: 1.5142732 | AD7: 1.4755629 | AE7: 1.3832002 | AF7: 1.2890534 | AG7: 1.4015824 | AH7: 1.4554617 | AI7: 1.5995547 | AJ7: 1.5069072 | AK7: 1.3893653 | AL7: 1.3111887 | AM7: 1.0912652 | AN7: 0.91428732 | AO7: 0.8306529 | AP7: 0.60545287 | AQ7: 0.53578111 | AR7: 0.53832456 | AS7: 0.45262093 | AT7: 0.28966778 | AU7: 0.34664522 | AV7: 0.23270096 | AW7: 0.26437782 | AX7: 0.26660251 | AY7: 0.23843163 | AZ7: 0.076248782 | BA7: 0.10408358 | BB7: -0.0020034147 | BC7: 0.003793703 | BD7: -0.13387506 | BE7: -0.15059785 | BF7: -0.15566972 | BG7: -0.27049104 | BH7: -0.23317328 | BI7: -0.23134345 | BJ7: -0.29356899 | BK7: -0.34342976 | BL7: -0.45585906 | BM7: -0.35784814 | BN7: -0.60620311 | BO7: -0.63863838 | BP7: -0.65525927 | BQ7: -0.77689048 | BR7: -0.85561964 | BS7: -0.81548048 | BT7: -0.73367388 | BU7: -0.92632046 | BV7: -0.95606243 | BW7: -1.0804711 | BX7: -1.1982542 | BY7: -1.2275246 | BZ7: -1.2835188 | CA7: -1.2127823 | CB7: -1.1467205 | CC7: -1.3317856 | CD7: -1.2424874 | CE7: -1.0719604 | CF7: -1.2627927 | CG7: -1.1698162 | CH7: -1.2374749 | CI7: -1.1286205 | CJ7: -1.2940452 | CK7: -1.3710063 | CL7: -1.8353119 | CM7: -1.5941498 | CN7: -1.6995103 | CO7: -1.7155107 | CP7: -1.6995103 | CQ7: -1.9206717 | CR7: -2.0359826 | CS7: -1.8444444 | CT7: -2.0471559 | CU7: -2.1663444 | CV7: -2.1663444 | CW7: -2.1413431 | CX7: -2.1049755 | CY7: -1.9508248 | CZ7: -2.081445 | DA7: -2.361405 | DB7: -2.2731124 | DC7: -2.3926575 | DD7: -2.3461375 | DE7: -2.2050589 | DF7: -2.0031928 | DG7: -2.7516026 | DH7: -2.361405 | DI7: -2.3461375
A8: 6 | B8: 2.2665687 | C8: 2.3041188 | D8: 2.1374998 | E8: 2.1513499 | F8: 2.0996652 | G8: 2.155986 | H8: 2.3493472 | I8: 2.2769503 | J8: 3.351449 | K8: 2.4520051 | L8: 2.3171163 | M8: 2.0587127 | N8: 1.8984942 | O8: 1.8433892 | P8: 1.8388265 | Q8: 1.9984067 | R8: 1.9326111 | S8: 1.8484347 | T8: 1.7208529 | U8: 1.6977171 | V8: 1.606815 | W8: 1.5402451 | X8: 1.5409298 | Y8: 1.4932684 | Z8: 1.4488656 | AA8: 1.451863 | AB8: 1.3765168 | AC8: 1.4199332 | AD8: 1.4071051 | AE8: 1.3395364 | AF8: 1.2186615 | AG8: 1.2950275 | AH8: 1.3622976 | AI8: 1.6029627 | AJ8: 1.5152785 | AK8: 1.3757097 | AL8: 1.2125018 | AM8: 1.0480799 | AN8: 0.82912926 | AO8: 0.76654142 | AP8: 0.52409623 | AQ8: 0.46163691 | AR8: 0.42992069 | AS8: 0.41736823 | AT8: 0.25794049 | AU8: 0.28593989 | AV8: 0.24551797 | AW8: 0.20469598 | AX8: 0.23040433 | AY8: 0.11341413 | AZ8: 0.097597841 | BA8: 0.071164584 | BB8: 0.0239357 | BC8: 0.0050375002 | BD8: -0.08820804 | BE8: -0.16999747 | BF8: -0.23858458 | BG8: -0.24468837 | BH8: -0.29490812 | BI8: -0.32320163 | BJ8: -0.31879634 | BK8: -0.3387748 | BL8: -0.34101947 | BM8: -0.39408844 | BN8: -0.5391964 | BO8: -0.42782658 | BP8: -0.59265498 | BQ8: -0.56979684 | BR8: -0.6219826 | BS8: -0.88613417 | BT8: -0.60428302 | BU8: -0.88226569 | BV8: -0.79364686 | BW8: -0.94192553 | BX8: -1.0274477 | BY8: -1.0731177 | BZ8: -1.0919862 | CA8: -1.1160838 | CB8: -1.2800385 | CC8: -1.2915993 | CD8: -1.4486612 | CE8: -1.1712356 | CF8: -1.3514974 | CG8: -0.95845483 | CH8: -1.1712356 | CI8: -1.0364164 | CJ8: -1.4086558 | CK8: -1.1815984 | CL8: -1.5046198 | CM8: -1.5046198 | CN8: -1.5191128 | CO8: -1.6941616 | CP8: -1.4486612 | CQ8: -1.7662649 | CR8: -1.8852169 | CS8: -1.8852169 | CT8: -1.7756547 | CU8: -1.8439739 | CV8: -1.9847465 | CW8: -2.0446446 | CX8: -2.0202531 | CY8: -2.0823849 | CZ8: -2.2049873 | DA8: -2.3282199 | DB8: -1.9617569 | DC8: -2.3119594 | DD8: -1.9847465 | DE8: -1.9064943 | DF8: -2.3119594 | DG8: -2.2195861 | DH8: -2.1486343 | DI8: -2.3615563
A9: 7 | B9: 2.1219446 | C9: 2.2002629 | D9: 2.0345738 | E9: 2.0268759 | F9: 1.9937319 | G9: 2.1022078 | H9: 2.1904689 | I9: 2.2171749 | J9: 3.2717074 | K9: 2.3668952 | L9: 2.2390931 | M9: 2.0066289 | N9: 1.8211481 | O9: 1.6985328 | P9: 1.7858236 | Q9: 1.8202577 | R9: 1.8175819 | S9: 1.7514345 | T9: 1.717138 | U9: 1.6146262 | V9: 1.5222294 | W9: 1.5246265 | X9: 1.4884657 | Y9: 1.4487981 | Z9: 1.4414531 | AA9: 1.4392824 | AB9: 1.3549934 | AC9: 1.4168688 | AD9: 1.3526266 | AE9: 1.2608646 | AF9: 1.2020241 | AG9: 1.3435811 | AH9: 1.3320369 | AI9: 1.5683493 | AJ9: 1.5733026 | AK9: 1.4457802 | AL9: 1.2477925 | AM9: 1.0357711 | AN9: 0.84259053 | AO9: 0.72815627 | AP9: 0.55464534 | AQ9: 0.49164949 | AR9: 0.39645141 | AS9: 0.45859804 | AT9: 0.27186352 | AU9: 0.28985709 | AV9: 0.30618398 | AW9: 0.31825656 | AX9: 0.24065531 | AY9: 0.069795201 | AZ9: 0.064653801 | BA9: -0.0083973677 | BB9: 0.031462982 | BC9: 0.096778288 | BD9: -0.023295222 | BE9: -0.06936863 | BF9: -0.24972748 | BG9: -0.23570856 | BH9: -0.31788037 | BI9: -0.38023823 | BJ9: -0.21731723 | BK9: -0.27836905 | BL9: -0.3103521 | BM9: -0.41849426 | BN9: -0.38023823 | BO9: -0.59138963 | BP9: -0.5057589 | BQ9: -0.46993417 | BR9: -0.63885617 | BS9: -0.78035573 | BT9: -0.51799146 | BU9: -0.80055844 | BV9: -0.87686663 | BW9: -0.90365395 | BX9: -0.91274492 | BY9: -1.0135496 | BZ9: -1.023702 | CA9: -1.1144308 | CB9: -1.070708 | CC9: -1.2019502 | CD9: -1.1898289 | CE9: -1.2329124 | CF9: -1.1898289 | CG9: -1.0923305 | CH9: -1.0814608 | CI9: -1.1144308 | CJ9: -1.070708 | CK9: -1.2019502 | CL9: -1.4342822 | CM9: -1.6013363 | CN9: -1.6289878 | CO9: -1.7585219 | CP9: -1.4497864 | CQ9: -1.5656182 | CR9: -1.8709998 | CS9: -1.7168492 | CT9: -1.9073675 | CU9: -1.7585219 | CV9: -2.0823089 | CW9: -1.6289878 | CX9: -1.8950974 | CY9: -1.9977516 | CZ9: -2.0533214 | DA9: -1.7800281 | DB9: -2.276465 | DC9: -2.3128326 | DD9: -2.2074721 | DE9: -2.0251505 | DF9: -2.2944835 | DG9: -2.4951542 | DH9: -2.4731753 | DI9: -2.2587654
A10: 8 | B10: 2.0226414 | C10: 2.0226414 | D10: 1.9236611 | E10: 1.9590758 | F10: 1.8354767 | G10: 1.9894445 | H10: 2.1458664 | I10: 2.1261951 | J10: 3.3076815 | K10: 2.3067999 | L10: 2.1988831 | M10: 1.8669853 | N10: 1.7815517 | O10: 1.6644864 | P10: 1.638321 | Q10: 1.6791897 | R10: 1.6896143 | S10: 1.6285266 | T10: 1.6580089 | U10: 1.6285266 | V10: 1.5183425 | W10: 1.4701676 | X10: 1.4627601 | Y10: 1.4277684 | Z10: 1.3424181 | AA10: 1.365217 | AB10: 1.3355813 | AC10: 1.4029193 | AD10: 1.2639464 | AE10: 1.206788 | AF10: 1.2079878 | AG10: 1.2796948 | AH10: 1.3028619 | AI10: 1.646088 | AJ10: 1.6289202 | AK10: 1.4798073 | AL10: 1.2085871 | AM10: 1.043492 | AN10: 0.7565164 | AO10: 0.67819851 | AP10: 0.47571581 | AQ10: 0.45301622 | AR10: 0.41001285 | AS10: 0.33251905 | AT10: 0.25630593 | AU10: 0.22315372 | AV10: 0.21832668 | AW10: 0.27171455 | AX10: 0.21022947 | AY10: 0.18886464 | AZ10: 0.067128624 | BA10: -0.077994757 | BB10: 0.034713965 | BC10: 0.015143869 | BD10: -0.10436991 | BE10: -0.14993588 | BF10: -0.20257962 | BG10: -0.23504189 | BH10: -0.20012563 | BI10: -0.23504189 | BJ10: -0.31423893 | BK10: -0.26859343 | BL10: -0.26597219 | BM10: -0.34209589 | BN10: -0.43684125 | BO10: -0.40325031 | BP10: -0.36206802 | BQ10: -0.53122019 | BR10: -0.57303813 | BS10: -0.5946217 | BT10: -0.55890362 | BU10: -0.88351663 | BV10: -0.7952924 | BW10: -0.86428527 | BX10: -0.8132301 | BY10: -0.85953467 | BZ10: -1.0352431 | CA10: -0.95389743 | CB10: -1.2769189 | CC10: -1.1424886 | CD10: -1.1744402 | CE10: -0.94870261 | CF10: -1.0128958 | CG10: -0.99645704 | CH10: -1.2141805 | CI10: -1.093399 | CJ10: -1.1176426 | CK10: -1.3515804 | CL10: -1.4407082 | CM10: -1.8169436 | CN10: -1.2697504 | CO10: -1.6062226 | CP10: -1.306118 | CQ10: -1.7227564 | CR10: -1.7115831 | CS10: -1.9073277 | CT10: -1.854684 | CU10: -1.5962723 | CV10: -1.9073277 | CW10: -1.9772863 | CX10: -2.1860411 | CY10: -1.7570455 | CZ10: -2.0682581 | DA10: -2.1860411 | DB10: -2.1170482 | DC10: -2.0682581 | DD10: -1.7925522 | DE10: -2.1509498 | DF10: -2.0682581 | DG10: -2.2411009 | DH10: -2.2224088 | DI10: -1.8939047
A11: 9 | B11: 1.9234779 | C11: 1.9625797 | D11: 1.8268376 | E11: 1.8566906 | F11: 1.7456593 | G11: 1.8869614 | H11: 2.0373032 | I11: 2.1039946 | J11: 3.1938808 | K11: 2.2193949 | L11: 2.1221514 | M11: 1.9274884 | N11: 1.7118596 | O11: 1.7386183 | P11: 1.6148674 | Q11: 1.5810529 | R11: 1.5149168 | S11: 1.5492059 | T11: 1.6352805 | U11: 1.5478566 | V11: 1.5032208 | W11: 1.3684112 | X11: 1.407487 | Y11: 1.3996886 | Z11: 1.3608436 | AA11: 1.3389009 | AB11: 1.2520408 | AC11: 1.3592145 | AD11: 1.1766756 | AE11: 1.2219495 | AF11: 1.1915674 | AG11: 1.2263041 | AH11: 1.3215578 | AI11: 1.6697317 | AJ11: 1.67569 | AK11: 1.4880474 | AL11: 1.2508301 | AM11: 1.0715325 | AN11: 0.82641 | AO11: 0.71174709 | AP11: 0.43610714 | AQ11: 0.39989148 | AR11: 0.37548252 | AS11: 0.36378648 | AT11: 0.228573 | AU11: 0.15885836 | AV11: 0.2167185 | AW11: 0.28104405 | AX11: 0.070204681 | AY11: 0.14614248 | AZ11: -0.060232041 | BA11: -0.0098380269 | BB11: 0.0071115314 | BC11: 0.015479781 | BD11: -0.12282489 | BE11: -0.07380691 | BF11: -0.16684178 | BG11: -0.26390349 | BH11: -0.1204354 | BI11: -0.21288571 | BJ11: -0.30610384 | BK11: -0.38375478 | BL11: -0.32936071 | BM11: -0.28618853 | BN11: -0.41210313 | BO11: -0.48155252 | BP11: -0.5785765 | BQ11: -0.47813371 | BR11: -0.55250426 | BS11: -0.58615229 | BT11: -0.39940455 | BU11: -0.62491683 | BV11: -0.74666027 | BW11: -0.80172005 | BX11: -0.91128225 | BY11: -0.88019166 | BZ11: -1.0284076 | CA11: -1.0403125 | CB11: -1.0284076 | CC11: -1.07071 | CD11: -0.95980929 | CE11: -1.2984939 | CF11: -1.161094 | CG11: -0.9379505 | CH11: -0.96534947 | CI11: -1.3876217 | CJ11: -1.1410265 | CK11: -1.3141192 | CL11: -1.1148812 | CM11: -1.5139154 | CN11: -1.3542853 | CO11: -1.4398075 | CP11: -1.346122 | CQ11: -1.6923982 | CR11: -1.7394657 | CS11: -1.5835953 | CT11: -1.7274895 | CU11: -1.9098111 | CV11: -1.9241998 | CW11: -1.6150115 | CX11: -1.9536137 | CY11: -1.703959 | CZ11: -2.0311719 | DA11: -1.8145009 | DB11: -2.0311719 | DC11: -1.9536137 | DD11: -1.827573 | DE11: -1.7888585 | DF11: -2.0311719 | DG11: -2.0474325 | DH11: -2.3516438 | DI11: -2.6029583
A12: 10 | B12: 1.8581022 | C12: 1.955103 | D12: 1.7894719 | E12: 1.8060071 | F12: 1.7491632 | G12: 1.887776 | H12: 1.9709473 | I12: 2.0285087 | J12: 3.236071 | K12: 2.1528658 | L12: 2.0775163 | M12: 1.8431002 | N12: 1.7335706 | O12: 1.617463 | P12: 1.6563029 | Q12: 1.6243271 | R12: 1.5725611 | S12: 1.5098519 | T12: 1.4677508 | U12: 1.5011855 | V12: 1.4148773 | W12: 1.4561841 | X12: 1.3668248 | Y12: 1.325611 | Z12: 1.2868282 | AA12: 1.2916101 | AB12: 1.2686899 | AC12: 1.3233028 | AD12: 1.2874272 | AE12: 1.2237665 | AF12: 1.2135035 | AG12: 1.1867132 | AH12: 1.2868282 | AI12: 1.7185095 | AJ12: 1.6776064 | AK12: 1.5136797 | AL12: 1.2231282 | AM12: 1.04996 | AN12: 0.8413272 | AO12: 0.71697446 | AP12: 0.45714934 | AQ12: 0.42362665 | AR12: 0.35453231 | AS12: 0.34073899 | AT12: 0.26210989 | AU12: 0.15841743 | AV12: 0.19120725 | AW12: 0.31731871 | AX12: 0.06329242 | AY12: 0.073424219 | AZ12: 0.061253683 | BA12: 0.00024633484 | BB12: -0.048652295 | BC12: -0.01505451 | BD12: -0.069366499 | BE12: -0.15426594 | BF12: -0.32801674 | BG12: -0.16188987 | BH12: -0.20090652 | BI12: -0.24704768 | BJ12: -0.32201072 | BK12: -0.34319154 | BL12: -0.3401381 | BM12: -0.25261872 | BN12: -0.54216473 | BO12: -0.4983621 | BP12: -0.4529791 | BQ12: -0.56099768 | BR12: -0.51275084 | BS12: -0.58407562 | BT12: -0.59581744 | BU12: -0.79561363 | BV12: -0.87565634 | BW12: -0.75325435 | BX12: -0.84994798 | BY12: -0.76717569 | BZ12: -0.83483434 | CA12: -0.88087828 | CB12: -1.1633384 | CC12: -1.1427191 | CD12: -1.1027138 | CE12: -1.1843918 | CF12: -0.97986011 | CG12: -1.0091877 | CH12: -1.0455554 | CI12: -1.0705567 | CJ12: -1.2131708 | CK12: -1.3291307 | CL12: -1.2353119 | CM12: -1.4984227 | CN12: -1.6113631 | CO12: -1.4887608 | CP12: -1.3291307 | CQ12: -1.6788044 | CR12: -1.8156636 | CS12: -1.6558149 | CT12: -1.990017 | CU12: -1.4984227 | CV12: -1.7264325 | CW12: -1.8290866 | CX12: -1.8990452 | CY12: -1.8156636 | CZ12: -1.8156636 | DA12: -1.9284591 | DB12: -2.3264892 | DC12: -2.181908 | DD12: -1.5688035 | DE12: -1.6222922 | DF12: -1.990017 | DG12: -1.8290866 | DH12: -2.0222778 | DI12: -1.8290866
A13: 11 | B13: 1.7836093 | C13: 1.8563244 | D13: 1.7129654 | E13: 1.7321451 | F13: 1.6842853 | G13: 1.8187131 | H13: 1.8693267 | I13: 1.9025545 | J13: 3.069084 | K13: 2.0310669 | L13: 1.9408999 | M13: 1.7642974 | N13: 1.6111273 | O13: 1.5815342 | P13: 1.5855016 | Q13: 1.5601048 | R13: 1.5331194 | S13: 1.4094079 | T13: 1.3665288 | U13: 1.4255415 | V13: 1.331418 | W13: 1.3471752 | X13: 1.4004487 | Y13: 1.2938522 | Z13: 1.2962051 | AA13: 1.2688061 | AB13: 1.1758482 | AC13: 1.2784216 | AD13: 1.2418767 | AE13: 1.1678642 | AF13: 1.1448902 | AG13: 1.2306476 | AH13: 1.2742262 | AI13: 1.7121905 | AJ13: 1.7051893 | AK13: 1.5063384 | AL13: 1.1665273 | AM13: 1.0313701 | AN13: 0.79493027 | AO13: 0.67338167 | AP13: 0.48996422 | AQ13: 0.41908988 | AR13: 0.29918595 | AS13: 0.22311624 | AT13: 0.22311624 | AU13: 0.1683806 | AV13: 0.1104746 | AW13: 0.27826806 | AX13: 0.0072485567 | AY13: 0.073251889 | AZ13: -0.027462086 | BA13: 0.051051179 | BB13: -0.061135301 | BC13: 0.042854412 | BD13: -0.10787278 | BE13: -0.20581801 | BF13: -0.17209237 | BG13: -0.15439279 | BH13: -0.26842348 | BI13: -0.31440859 | BJ13: -0.30854347 | BK13: -0.34123584 | BL13: -0.28828229 | BM13: -0.32327128 | BN13: -0.43292719 | BO13: -0.4873624 | BP13: -0.39078157 | BQ13: -0.41650646 | BR13: -0.53388242 | BS13: -0.43292719 | BT13: -0.41325443 | BU13: -0.79149608 | BV13: -0.7680758 | BW13: -0.74067683 | BX13: -0.80581613 | BY13: -0.87035465 | BZ13: -0.80581613 | CA13: -1.0681804 | CB13: -1.0016907 | CC13: -1.0871084 | CD13: -1.07445 | CE13: -1.0134555 | CF13: -1.0193902 | CG13: -0.85004939 | CH13: -1.2161005 | CI13: -1.0807592 | CJ13: -1.0193902 | CK13: -0.97287022 | CL13: -1.1394079 | CM13: -1.3150405 | CN13: -1.1394079 | CO13: -1.2758198 | CP13: -1.5686432 | CQ13: -1.5183814 | CR13: -1.433824 | CS13: -1.9844711 | CT13: -1.7866454 | CU13: -1.6890069 | CV13: -1.736635 | CW13: -1.4705254 | CX13: -1.5583867 | CY13: -1.8392891 | CZ13: -2.1003029 | DA13: -1.894859 | DB13: -1.8392891 | DC13: -1.8528948 | DD13: -2.0658168 | DE13: -1.6547178 | DF13: -1.8666881 | DG13: -1.9386616 | DH13: -1.9386616 | DI13: -2.1921105
... A112: 110 | B112: 0.17936387 | C112: 1.13572 | D112: -0.34723569 | E112: 0.52442548 | F112: 0.11843815 | G112: -0.19462941 | H112: 1.1261944 | I112: 1.4876965 | J112: -0.53458623 | K112: 1.4876965 | L112: -0.68773336 | M112: 0.43454642 | N112: 0.57713635 | O112: -0.010792089 | P112: 1.4876965 | Q112: 0.47753954 | R112: 0.012216719 | S112: 1.4876965 | T112: -1.584226 | U112: 1.4876965 | V112: 0.57140572 | W112: -0.21705172 | X112: 0.38908417 | Y112: -0.52720657 | Z112: 1.4876965 | AA112: 0.10140209 | AB112: 0.79454927 | AC112: -1.1573789 | AD112: 1.4876965 | AE112: -0.81488864 | AF112: -0.23277358 | AG112: -0.12174146 | AH112: 0.79454927 | AI112: 1.4876965 | AJ112: 0.47964353 | AK112: 1.1462532 | AL112: 1.4876965 | AM112: 0.26912483 | AN112: 0.50319736 | AO112: -0.23403428 | AP112: -1.1697628 | AQ112: -0.011926379 | AR112: 1.0956544 | AS112: -0.29063951 | AT112: -0.86177237 | AU112: 0.021359108 | AV112: 0.10140209 | AW112: 0.79454927 | AX112: -0.016381192 | AY112: -0.12174146 | AZ112: 1.4876965 | BA112: 0.10140209 | BB112: -0.45821353 | BC112: -0.59174509 | BD112: 1.4876965 | BE112: 0.79454927 | BF112: -1.1513619 | BG112: -0.91019798 | BH112: -0.12174146 | BI112: -0.12174146 | BJ112: 0.79454927 | BK112: -0.45821353 | BL112: 0.10140209 | BM112: 1.4876965 | BN112: 0.57140572 | BO112: -1.0772539 | BP112: 1.0822313 | BQ112: -1.1513619 | BR112: -0.12174146 | BS112: 0.79454927 | BT112: 0.45926813 | BU112: 0.79454927 | BV112: -0.21705172 | BW112: -0.12174146 | BX112: -0.30406301 | BY112: -0.12174146 | BZ112: 0.79454927 | CA112: -1.3257143 | CB112: -1.0772539 | CC112: -0.45821353 | CD112: -1.603347 | CE112: 0.23493365 | CF112: -1.2848923 | CG112: -0.12174146 | CH112: -1.3455174 | CI112: -0.18627998 | CJ112: -0.78098653 | CK112: 0.10140209 | CL112: 0.38908417 | CM112: -0.35813068 | CN112: -1.253143 | CO112: -1.0512779 | CP112: -0.3912595 | CQ112: -0.45367966 | CR112: -0.89485399 | CS112: 0.06382829 | CT112: -0.74714432 | CU112: -0.17403262 | CV112: -0.19452723 | CW112: -0.48733462 | CX112: -1.1551865 | CY112: -0.057226375 | CZ112: -0.23213313 | DA112: -0.33485011 | DB112: -0.54249662 | DC112: -0.89420966 | DD112: -0.32507319 | DE112: -0.58327043 | DF112: -0.86406313 | DG112: -0.24534704 | DH112: -0.31821468 | DI112: -0.77174454

Sheet U
B1: 0 | C1: 1 | D1: 2 | E1: 3 | F1: 4 | G1: 5 | H1: 6 | I1: 7 | J1: 8 | K1: 9 | L1: 10 | M1: 11 | N1: 12 | O1: 13 | P1: 14 | Q1: 15 | R1: 16 | S1: 17 | T1: 18 | U1: 19 | V1: 20 | W1: 21 | X1: 22 | Y1: 23 | Z1: 24 | AA1: 25 | AB1: 26 | AC1: 27 | AD1: 28 | AE1: 29 | AF1: 30 | AG1: 31 | AH1: 32 | AI1: 33 | AJ1: 34 | AK1: 35 | AL1: 36 | AM1: 37 | AN1: 38 | AO1: 39 | AP1: 40 | AQ1: 41 | AR1: 42 | AS1: 43 | AT1: 44 | AU1: 45 | AV1: 46 | AW1: 47 | AX1: 48 | AY1: 49 | AZ1: 50 | BA1: 51 | BB1: 52 | BC1: 53 | BD1: 54 | BE1: 55 | BF1: 56 | BG1: 57 | BH1: 58 | BI1: 59 | BJ1: 60 | BK1: 61 | BL1: 62 | BM1: 63 | BN1: 64 | BO1: 65 | BP1: 66 | BQ1: 67 | BR1: 68 | BS1: 69 | BT1: 70 | BU1: 71 | BV1: 72 | BW1: 73 | BX1: 74 | BY1: 75 | BZ1: 76 | CA1: 77 | CB1: 78 | CC1: 79 | CD1: 80 | CE1: 81 | CF1: 82 | CG1: 83 | CH1: 84 | CI1: 85 | CJ1: 86 | CK1: 87 | CL1: 88 | CM1: 89 | CN1: 90 | CO1: 91 | CP1: 92 | CQ1: 93 | CR1: 94 | CS1: 95 | CT1: 96 | CU1: 97 | CV1: 98 | CW1: 99 | CX1: 100 | CY1: 101 | CZ1: 102 | DA1: 103 | DB1: 104 | DC1: 105 | DD1: 106 | DE1: 107 | DF1: 108 | DG1: 109 | DH1: 110
A2: 0 | B2: 0.15941769 | C2: 0.010788741 | D2: -0.24552786 | E2: 0.029067524 | F2: -0.061577267 | G2: 0.2307188 | H2: -0.033534184 | I2: -0.028832479 | J2: 0.068201172 | K2: -0.029794106 | L2: 0.053105059 | M2: -0.06215183 | N2: 0.038249457 | O2: -0.00010418106 | P2: 0.14323941 | Q2: -0.3193585 | R2: 0.20515379 | S2: -0.088019462 | T2: 0.1391661 | U2: -0.0653028 | V2: 0.21071663 | W2: 0.076253089 | X2: -0.06944423 | Y2: -0.092430427 | Z2: 0.3280569 | AA2: 0.10083231 | AB2: -0.044214942 | AC2: 0.27646136 | AD2: -0.20017639 | AE2: 0.067732632 | AF2: -0.015628629 | AG2: 0.26514 | AH2: -0.022616235 | AI2: 0.15648473 | AJ2: -0.011068821 | AK2: 0.042504113 | AL2: -0.249299 | AM2: 0.16963812 | AN2: -0.050153783 | AO2: 0.019062173 | AP2: -0.021498563 | AQ2: -0.063892595 | AR2: 0.12261991 | AS2: -0.029253905 | AT2: -0.030375259 | AU2: 0.086885791 | AV2: -0.091024477 | AW2: -0.017526945 | AX2: -0.085754998 | AY2: 0.098917998 | AZ2: 0.059128632 | BA2: -0.044687608 | BB2: -0.012965753 | BC2: -0.060428972 | BD2: 0.096862592 | BE2: 0.023310622 | BF2: 0.069525813 | BG2: -0.012777874 | BH2: -0.0027898384 | BI2: -0.1336946 | BJ2: 0.094341334 | BK2: 0.011271819 | BL2: 0.0065456498 | BM2: 0.025861864 | BN2: 0.0047410186 | BO2: 0.028143905 | BP2: 0.070794931 | BQ2: -0.076927699 | BR2: 0.030725197 | BS2: 0.015285357 | BT2: 0.00837355 | BU2: 0.008555475 | BV2: 0.031610361 | BW2: 0.0086570013 | BX2: 0.023951198 | BY2: -0.043349145 | BZ2: -0.011429444 | CA2: -0.0009929361 | CB2: -0.021233738 | CC2: -0.043786561 | CD2: -0.043389457 | CE2: 0.016812795 | CF2: 0.0041242032 | CG2: 0.0029809227 | CH2: 0.018379844 | CI2: 0.031228192 | CJ2: 0.026957127 | CK2: 0.033485012 | CL2: 0.02657338 | CM2: -0.011041333 | CN2: -0.0088625467 | CO2: -0.010718459 | CP2: -0.043953253 | CQ2: -0.043644383 | CR2: -0.016290502 | CS2: -0.0011241678 | CT2: -0.011169151 | CU2: -0.041165676 | CV2: 0.015131329 | CW2: 0.043622061 | CX2: 0.02013771 | CY2: 0.04283801 | CZ2: 0.052693671 | DA2: 0.00017485573 | DB2: 0.015085358 | DC2: 0.0083826396 | DD2: 0.036183213 | DE2: 0.017544909 | DF2: 0.017879585 | DG2: 0.016432842 | DH2: 0.038370967 | DI2: {=SUMPRODUCT(POWER(B2:DH2,2))} -> 1
A3: 1 | B3: 0.24274326 | C3: 0.017742703 | D3: -0.11647323 | E3: 0.38635068 | F3: 0.073911106 | G3: 0.35491041 | H3: -0.058016873 | I3: 0.12662187 | J3: -0.013052923 | K3: 0.053217083 | L3: -0.061499801 | M3: -0.11870205 | N3: 0.048332045 | O3: -0.058288804 | P3: 0.12120872 | Q3: -0.071593783 | R3: 0.3405179 | S3: -0.16982966 | T3: -0.16786898 | U3: -0.0091104974 | V3: -0.084790771 | W3: 0.12409439 | X3: -0.07493106 | Y3: -0.081565564 | Z3: -0.092740086 | AA3: -0.097057659 | AB3: -0.17535039 | AC3: -0.093875437 | AD3: 0.17762426 | AE3: 0.058576683 | AF3: 0.18453963 | AG3: -0.051934348 | AH3: 0.058386571 | AI3: -0.17081035 | AJ3: -0.1243491 | AK3: -0.038305801 | AL3: 0.15373693 | AM3: -0.12832284 | AN3: 0.047728685 | AO3: 0.073925353 | AP3: 0.032231092 | AQ3: -0.1034337 | AR3: -0.17765599 | AS3: -0.077955696 | AT3: 0.099052932 | AU3: -0.016953657 | AV3: 0.019645387 | AW3: 0.056302768 | AX3: -0.014399543 | AY3: -0.045620837 | AZ3: 0.0034363939 | BA3: 0.045079379 | BB3: 0.041544901 | BC3: 0.028795818 | BD3: 0.0070405444 | BE3: -0.060176289 | BF3: -0.040879784 | BG3: 0.024725575 | BH3: 0.031484382 | BI3: 0.042778906 | BJ3: -0.038773833 | BK3: 0.0044520573 | BL3: -0.1091928 | BM3: -0.00043689152 | BN3: 0.071276316 | BO3: -0.058467378 | BP3: -0.049740439 | BQ3: 0.091485938 | BR3: -0.084119964 | BS3: -0.029864706 | BT3: 0.01161636 | BU3: -0.049375735 | BV3: -0.035340431 | BW3: 0.01508275 | BX3: -0.028057497 | BY3: 0.020872244 | BZ3: -0.045864442 | CA3: -0.033345008 | CB3: 0.00061448366 | CC3: -0.0088692716 | CD3: -0.0037026493 | CE3: 0.011293703 | CF3: 0.052108404 | CG3: 0.00097091167 | CH3: -0.0046511243 | CI3: -0.049319623 | CJ3: -0.032390303 | CK3: -0.059544845 | CL3: 0.037124855 | CM3: -0.013214512 | CN3: 0.00043157535 | CO3: 0.0047114097 | CP3: 0.021234885 | CQ3: 0.028850766 | CR3: 0.026136772 | CS3: 0.018985538 | CT3: 0.014478835 | CU3: 0.014160838 | CV3: 0.026646293 | CW3: -0.0073913091 | CX3: -0.0060672509 | CY3: -0.011771101 | CZ3: -0.0064161507 | DA3: -0.014223025 | DB3: -0.013342684 | DC3: 0.0092795092 | DD3: -0.033898024 | DE3: -0.020898926 | DF3: 0.019381039 | DG3: -0.00080664513 | DH3: -0.021090063 | DI3: {=SUMPRODUCT(POWER(B3:DH3,2))} -> 1
A4: 2 | B4: 0.21618545 | C4: 0.023070982 | D4: -0.074901649 | E4: 0.29906697 | F4: 0.13094451 | G4: 0.15244394 | H4: 0.0049963641 | I4: 0.046893971 | J4: -0.036848046 | K4: -0.022965057 | L4: 0.018690477 | M4: -0.034154003 | N4: -0.09023012 | O4: -0.11718028 | P4: -0.068158209 | Q4: 0.19190007 | R4: -0.039650316 | S4: -0.14893724 | T4: -0.020867369 | U4: 0.14971295 | V4: -0.084919013 | W4: -0.097937939 | X4: -0.081274373 | Y4: -0.1156473 | Z4: -0.10940264 | AA4: -0.1182917 | AB4: 0.27568013 | AC4: -0.011272064 | AD4: -0.019584602 | AE4: -0.086258373 | AF4: -0.43345913 | AG4: 0.042711375 | AH4: 0.12446303 | AI4: 0.11077097 | AJ4: 0.058863932 | AK4: 0.086835261 | AL4: 0.11283756 | AM4: 0.038148465 | AN4: -0.255582 | AO4: -0.16167207 | AP4: -0.14213907 | AQ4: 0.17672971 | AR4: 0.1748468 | AS4: 0.029573311 | AT4: 0.029412622 | AU4: -0.071999623 | AV4: -0.0080508015 | AW4: -0.07592045 | AX4: -0.0088906674 | AY4: 0.071155416 | AZ4: -0.0048469486 | BA4: -0.015762355 | BB4: 0.048137092 | BC4: 0.033814495 | BD4: 0.025429749 | BE4: 0.010987177 | BF4: -0.0019399835 | BG4: 0.062678035 | BH4: -0.059377863 | BI4: -0.021719045 | BJ4: 0.094475201 | BK4: -0.058347099 | BL4: 0.0935196 | BM4: 0.018425432 | BN4: -0.044046801 | BO4: 0.0018133998 | BP4: -0.022448132 | BQ4: -0.10094362 | BR4: 0.040085918 | BS4: 0.00076522868 | BT4: 0.062296735 | BU4: -0.028931509 | BV4: 0.07769746 | BW4: -0.044858585 | BX4: 0.069113265 | BY4: 0.052873947 | BZ4: 0.0223538 | CA4: -0.0036180897 | CB4: 0.03662361 | CC4: -0.023129953 | CD4: -0.0021649044 | CE4: -0.0096519868 | CF4: 0.034075249 | CG4: -0.028449003 | CH4: 0.046889956 | CI4: 0.041972287 | CJ4: 0.038752882 | CK4: 0.0026130133 | CL4: -0.055049082 | CM4: -0.018734228 | CN4: 0.011929767 | CO4: 0.053416605 | CP4: -0.084594564 | CQ4: -0.049699512 | CR4: -0.10368528 | CS4: -0.042587626 | CT4: -0.026082052 | CU4: 0.011552788 | CV4: -0.024644621 | CW4: 0.01382821 | CX4: 0.055293579 | CY4: 0.014408657 | CZ4: -0.048467141 | DA4: -0.037626473 | DB4: 0.020116254 | DC4: 0.018995338 | DD4: 0.039237627 | DE4: -0.0045888661 | DF4: -0.046855473 | DG4: -0.0088936271 | DH4: -0.028857627 | DI4: {=SUMPRODUCT(POWER(B4:DH4,2))} -> 1
A5: 3 | B5: 0.19770637 | C5: 0.032528637 | D5: -0.064342316 | E5: 0.22872672 | F5: 0.13599521 | G5: 0.047989693 | H5: 0.035367399 | I5: 0.02207384 | J5: -0.093332146 | K5: -0.084081971 | L5: 0.10100672 | M5: 0.0032910898 | N5: 0.026504427 | O5: -0.10848367 | P5: -0.078726041 | Q5: 0.1960291 | R5: -0.21502542 | S5: 0.11363963 | T5: -0.021780133 | U5: 0.019003779 | V5: -0.016031725 | W5: -0.26747284 | X5: -0.13339891 | Y5: -0.056543344 | Z5: 0.054366704 | AA5: 0.11739468 | AB5: 0.26182144 | AC5: 0.24391185 | AD5: -0.071636072 | AE5: 0.25072065 | AF5: 0.15574076 | AG5: -0.029637646 | AH5: -0.22697097 | AI5: -0.10345347 | AJ5: 0.21974727 | AK5: 0.1251634 | AL5: -0.041383881 | AM5: -0.15374479 | AN5: 0.26807878 | AO5: 0.075997657 | AP5: 0.082433851 | AQ5: -0.056503598 | AR5: 0.033741389 | AS5: -0.053352685 | AT5: -0.069169076 | AU5: 0.033418736 | AV5: 0.11091588 | AW5: 0.015205291 | AX5: -0.0033998198 | AY5: -0.013197165 | AZ5: 0.084004356 | BA5: -0.14765453 | BB5: -0.10512551 | BC5: -0.027983647 | BD5: -0.044357175 | BE5: -0.033241513 | BF5: -0.0025373083 | BG5: 0.026853736 | BH5: 0.13729948 | BI5: -0.058563488 | BJ5: -0.041699791 | BK5: 0.045378216 | BL5: -0.05335658 | BM5: -0.014561515 | BN5: -0.0041461932 | BO5: -0.019060893 | BP5: 0.11015805 | BQ5: 0.053273254 | BR5: 0.013875569 | BS5: -0.020861358 | BT5: -0.04041643 | BU5: 0.010287086 | BV5: -0.020418711 | BW5: 0.14154547 | BX5: -0.00088602265 | BY5: -0.027193009 | BZ5: -0.020448666 | CA5: 0.017247273 | CB5: 0.0044634164 | CC5: 0.046364337 | CD5: 0.027225691 | CE5: 0.017697859 | CF5: -0.025517929 | CG5: -0.011035387 | CH5: -0.021124589 | CI5: 0.011052081 | CJ5: 0.017312763 | CK5: 0.017788771 | CL5: 0.015805366 | CM5: -0.0089422361 | CN5: 0.031324809 | CO5: -0.014511383 | CP5: 0.057604017 | CQ5: 0.034581723 | CR5: 0.098219 | CS5: 0.041847392 | CT5: 0.0037997033 | CU5: 0.0076438403 | CV5: 0.035308377 | CW5: 0.014786059 | CX5: -0.023070412 | CY5: -0.031280674 | CZ5: 0.019330274 | DA5: 0.00098839638 | DB5: -0.006920779 | DC5: -0.028885525 | DD5: -0.0034496559 | DE5: 0.0069868151 | DF5: 0.059804709 | DG5: 0.015511798 | DH5: 0.03566115 | DI5: {=SUMPRODUCT(POWER(B5:DH5,2))} -> 1
A6: 4 | B6: 0.18781003 | C6: 0.038319858 | D6: -0.06192421 | E6: 0.19116592 | F6: 0.10529141 | G6: 0.032386674 | H6: 0.034836759 | I6: -0.0070586917 | J6: -0.11866721 | K6: -0.10920705 | L6: 0.043772937 | M6: -0.0038657061 | N6: -0.10670105 | O6: -0.039575363 | P6: -0.04371328 | Q6: 0.12147242 | R6: -0.11604128 | S6: 0.22932506 | T6: -0.059065246 | U6: 0.08313615 | V6: 0.39992105 | W6: 0.028069686 | X6: -0.11976845 | Y6: 0.22745397 | Z6: -0.0064550771 | AA6: 0.04273794 | AB6: -0.16192634 | AC6: -0.14636611 | AD6: -0.047744319 | AE6: -0.092406604 | AF6: 0.02020603 | AG6: -0.048739791 | AH6: -0.13348174 | AI6: -0.0081041203 | AJ6: -0.12283532 | AK6: -0.35196471 | AL6: -0.043559892 | AM6: -0.0068610678 | AN6: -0.12103485 | AO6: 0.13802404 | AP6: 0.15888889 | AQ6: 0.03197393 | AR6: 0.033313965 | AS6: -0.024335643 | AT6: 0.055336463 | AU6: 0.0700314 | AV6: -0.025237329 | AW6: 0.04263452 | AX6: 0.0965634 | AY6: 0.064789268 | AZ6: -0.1092123 | BA6: 0.064982432 | BB6: 0.015954754 | BC6: -0.1379128 | BD6: -0.019630336 | BE6: 0.13518245 | BF6: 0.15370815 | BG6: -0.15932824 | BH6: -0.010309776 | BI6: -0.0010370594 | BJ6: -0.017686897 | BK6: -0.11333648 | BL6: 0.12638449 | BM6: 0.047527591 | BN6: 0.029477106 | BO6: -0.022837159 | BP6: -0.019032959 | BQ6: -0.073876502 | BR6: 0.11700627 | BS6: 0.034517569 | BT6: -0.12405268 | BU6: 0.12862191 | BV6: -0.0054901185 | BW6: -0.12876943 | BX6: 0.0251086 | BY6: 0.03143883 | BZ6: -0.00048963931 | CA6: 0.048154346 | CB6: -0.0085947176 | CC6: 0.0015012425 | CD6: 0.019235227 | CE6: 0.027103944 | CF6: -0.048973357 | CG6: -0.030254623 | CH6: -0.074582131 | CI6: -0.043537623 | CJ6: -0.022865234 | CK6: 0.013128462 | CL6: -0.035341594 | CM6: 0.012518766 | CN6: 0.001786493 | CO6: -0.026778794 | CP6: 0.019625382 | CQ6: -0.021690968 | CR6: -0.062646076 | CS6: -0.062573889 | CT6: -0.015484235 | CU6: -0.0051442902 | CV6: -0.058130098 | CW6: 0.025610677 | CX6: -0.013679003 | CY6: 0.023704925 | CZ6: 0.002745954 | DA6: 0.0032911946 | DB6: 0.021462748 | DC6: -0.0071623635 | DD6: -0.014504637 | DE6: -0.035416143 | DF6: 0.033129626 | DG6: -0.0034928247 | DH6: -0.018694572 | DI6: {=SUMPRODUCT(POWER(B6:DH6,2))} -> 1
A7: 5 | B7: 0.17997309 | C7: 0.031699314 | D7: -0.06718425 | E7: 0.13611496 | F7: 0.10120928 | G7: -0.001835861 | H7: 0.0054934648 | I7: -0.033644806 | J7: -0.032893231 | K7: -0.043523777 | L7: 0.07959129 | M7: -0.023575454 | N7: -0.078374598 | O7: -0.074588103 | P7: -0.090928902 | Q7: -0.016085633 | R7: -0.10479089 | S7: 0.098128007 | T7: 0.10898276 | U7: 0.081007403 | V7: -0.018889969 | W7: 0.4492026 | X7: 0.17307501 | Y7: 0.079154129 | Z7: 0.022455217 | AA7: -0.010606087 | AB7: 0.19383074 | AC7: -0.13519447 | AD7: -0.03265162 | AE7: 0.040040449 | AF7: 0.046592608 | AG7: -0.22128892 | AH7: 0.074146189 | AI7: 0.12753218 | AJ7: -0.24912559 | AK7: 0.14825452 | AL7: -0.27792227 | AM7: 0.10126994 | AN7: 0.077028171 | AO7: -0.18886035 | AP7: 0.038899029 | AQ7: -0.077953571 | AR7: -0.066475443 | AS7: 0.2093541 | AT7: -0.11487179 | AU7: 0.13740852 | AV7: 0.055354355 | AW7: -0.088364969 | AX7: 0.0032218734 | AY7: -0.11644614 | AZ7: 0.02724732 | BA7: 0.047309944 | BB7: -0.16781995 | BC7: 0.15540104 | BD7: 0.047273957 | BE7: 0.039816514 | BF7: -0.059255596 | BG7: 0.00027022142 | BH7: -0.0072703114 | BI7: 0.14043175 | BJ7: -0.063798462 | BK7: 0.0342471 | BL7: -0.081534243 | BM7: -0.022899484 | BN7: -0.054234807 | BO7: 0.083970926 | BP7: 0.011325576 | BQ7: -0.025316133 | BR7: -0.085699935 | BS7: 0.015068366 | BT7: -0.001750019 | BU7: -0.016765793 | BV7: -0.023435161 | BW7: 0.051072149 | BX7: 0.029843195 | BY7: -0.015604097 | BZ7: 0.039681604 | CA7: -0.038163874 | CB7: -0.026603466 | CC7: 0.023288538 | CD7: -0.01620043 | CE7: -0.029319179 | CF7: -0.017677793 | CG7: 0.027510852 | CH7: -0.019129845 | CI7: -0.027570238 | CJ7: -0.026642761 | CK7: 0.066992407 | CL7: -0.0084239007 | CM7: 0.050302629 | CN7: -0.029172801 | CO7: -0.053222028 | CP7: -0.014898987 | CQ7: 0.054931018 | CR7: 0.03006517 | CS7: 0.019908116 | CT7: 0.020309252 | CU7: 0.040302935 | CV7: 0.01035666 | CW7: -0.10591333 | CX7: 0.0053392606 | CY7: 0.035119836 | CZ7: 0.054454907 | DA7: 0.041347431 | DB7: -0.0007540839 | DC7: -0.052027224 | DD7: -0.022876443 | DE7: 0.010461053 | DF7: -0.047003379 | DG7: 0.028602408 | DH7: -0.010046583 | DI7: {=SUMPRODUCT(POWER(B7:DH7,2))} -> 1
A8: 6 | B8: 0.1691786 | C8: 0.026316295 | D8: -0.059465685 | E8: 0.10732328 | F8: 0.083126054 | G8: -0.030195817 | H8: -0.0051780782 | I8: 0.0010878532 | J8: -0.058982233 | K8: 0.0097526313 | L8: 0.047479112 | M8: 0.088929486 | N8: 0.030677444 | O8: -0.019530429 | P8: -0.12707622 | Q8: 0.057922164 | R8: -0.19139692 | S8: 0.16849383 | T8: 0.14713461 | U8: 0.15171679 | V8: -0.05516984 | W8: -0.13532971 | X8: 0.17253024 | Y8: -0.13445149 | Z8: -0.0082147407 | AA8: 0.22761849 | AB8: -0.20916275 | AC8: -0.14277455 | AD8: -0.088213476 | AE8: -0.13060074 | AF8: 0.37105803 | AG8: 0.263576 | AH8: 0.24457995 | AI8: 0.1361136 | AJ8: 0.017086674 | AK8: 0.16235714 | AL8: -0.011353705 | AM8: 0.056308314 | AN8: -0.029090122 | AO8: -0.043791421 | AP8: -0.075167755 | AQ8: 0.051513776 | AR8: -0.2245319 | AS8: -0.11729577 | AT8: -0.013875858 | AU8: -0.18762095 | AV8: -0.041665895 | AW8: 0.07380923 | AX8: 0.048498299 | AY8: 0.063808158 | AZ8: 0.029739617 | BA8: 0.029560957 | BB8: 0.14976495 | BC8: 0.084658705 | BD8: 0.033059006 | BE8: 0.0025110762 | BF8: -0.074816997 | BG8: -0.031153133 | BH8: -0.098053883 | BI8: -0.1175305 | BJ8: 0.082885681 | BK8: 0.041731653 | BL8: 0.063653458 | BM8: -0.028023494 | BN8: -0.017761691 | BO8: 0.051969898 | BP8: -0.029130256 | BQ8: 0.00046917916 | BR8: 0.016662493 | BS8: 0.04150665 | BT8: 0.090095317 | BU8: -0.093622026 | BV8: -0.043961928 | BW8: -0.054290118 | BX8: -0.1006813 | BY8: -0.032821657 | BZ8: -0.0082330852 | CA8: -0.00054155457 | CB8: -0.023411464 | CC8: -0.040373649 | CD8: -0.017174823 | CE8: -0.013004543 | CF8: 0.015593289 | CG8: 0.0090702912 | CH8: -0.00096318805 | CI8: -0.022200299 | CJ8: -0.044395464 | CK8: -0.077686901 | CL8: 0.044379278 | CM8: -0.047200171 | CN8: -0.045840803 | CO8: 0.032722763 | CP8: 0.022637904 | CQ8: -0.019845999 | CR8: -0.067405994 | CS8: 0.011963618 | CT8: 0.020404052 | CU8: -0.016681873 | CV8: -0.037694805 | CW8: 0.017261698 | CX8: -0.0078775737 | CY8: -0.04252747 | CZ8: -0.010875216 | DA8: 0.028866381 | DB8: -0.015679312 | DC8: 0.065418349 | DD8: 0.018497807 | DE8: 0.059033273 | DF8: -0.018066363 | DG8: 0.0042734515 | DH8: -0.024708536 | DI8: {=SUMPRODUCT(POWER(B8:DH8,2))} -> 1
A9: 7 | B9: 0.16507646 | C9: 0.027379626 | D9: -0.066583102 | E9: 0.071491408 | F9: 0.052232761 | G9: -0.032788966 | H9: -0.034158447 | I9: -0.021405487 | J9: -0.058873354 | K9: 0.020146651 | L9: 0.0074293979 | M9: 0.060226377 | N9: 0.063977526 | O9: -0.016814357 | P9: -0.11773009 | Q9: 0.0045171846 | R9: -0.11582591 | S9: -0.0035953459 | T9: 0.10528417 | U9: -0.22934177 | V9: 0.09565103 | W9: 0.087212209 | X9: 0.035295428 | Y9: 0.23046291 | Z9: -0.10127258 | AA9: -0.49070387 | AB9: -0.20812666 | AC9: 0.20599046 | AD9: 0.062002555 | AE9: -0.34064089 | AF9: -0.018251234 | AG9: 0.012637418 | AH9: 0.14249115 | AI9: 0.02211724 | AJ9: 0.30221292 | AK9: 0.0048483726 | AL9: -0.12697809 | AM9: 0.038882719 | AN9: 0.16549417 | AO9: 0.11198245 | AP9: -0.18695732 | AQ9: 0.061156705 | AR9: -0.0046936417 | AS9: -0.040108273 | AT9: -0.067944727 | AU9: 0.040463388 | AV9: 0.06135328 | AW9: 0.021392071 | AX9: -0.14796806 | AY9: -0.042160639 | AZ9: 0.0090370286 | BA9: 0.013107822 | BB9: 0.062393353 | BC9: -0.088561718 | BD9: -0.060750568 | BE9: -0.052321908 | BF9: -0.05664631 | BG9: 0.043538933 | BH9: 0.016843383 | BI9: 0.060049629 | BJ9: -0.03486555 | BK9: 0.047440638 | BL9: -0.0019373918 | BM9: 0.014673669 | BN9: 0.013945842 | BO9: 0.0092604662 | BP9: 0.030663839 | BQ9: 0.037332592 | BR9: 0.015395961 | BS9: -0.041371412 | BT9: 0.019737169 | BU9: 0.020409936 | BV9: 0.013395512 | BW9: 0.075151387 | BX9: -0.032299349 | BY9: -0.021749742 | BZ9: -0.011155338 | CA9: -0.019260466 | CB9: 0.010792537 | CC9: 0.0013164157 | CD9: -0.0096021069 | CE9: 0.0092244383 | CF9: -0.018993256 | CG9: 0.06810157 | CH9: 0.010396281 | CI9: 0.083062107 | CJ9: 0.026537286 | CK9: 0.026169104 | CL9: 0.043526766 | CM9: 0.044492349 | CN9: -0.023297036 | CO9: 0.01625366 | CP9: -0.013041791 | CQ9: 0.021164312 | CR9: 0.059527405 | CS9: 0.027907009 | CT9: -0.015278679 | CU9: -0.054572715 | CV9: 0.018625337 | CW9: 0.0091001097 | CX9: -0.060290179 | CY9: -0.032429944 | CZ9: 0.030317454 | DA9: 0.0042045282 | DB9: 0.020583518 | DC9: 0.030960105 | DD9: -0.020572713 | DE9: -0.019672444 | DF9: -0.045608281 | DG9: 0.021953305 | DH9: 0.0015199193 | DI9: {=SUMPRODUCT(POWER(B9:DH9,2))} -> 1
A10: 8 | B10: 0.15934036 | C10: 0.027308656 | D10: -0.057124433 | E10: 0.052298823 | F10: 0.027162871 | G10: -0.049850036 | H10: -0.011783548 | I10: 0.028323064 | J10: -0.030823739 | K10: 0.047069711 | L10: 0.03646397 | M10: 0.03123608 | N10: -0.057892419 | O10: 0.11115678 | P10: 0.019501813 | Q10: -0.14736906 | R10: -0.15998778 | S10: 0.04132268 | T10: 0.1575811 | U10: 0.060652687 | V10: -0.34834887 | W10: -0.032895919 | X10: -0.08757285 | Y10: -0.06450095 | Z10: 0.24979788 | AA10: 0.015465171 | AB10: -0.49712701 | AC10: -0.16511378 | AD10: -0.18475186 | AE10: 0.076903006 | AF10: -0.29333299 | AG10: -0.29498452 | AH10: -0.1528118 | AI10: 0.099809711 | AJ10: 0.093038952 | AK10: 0.12676102 | AL10: 0.10504434 | AM10: 0.041862001 | AN10: 0.067431248 | AO10: 0.083444724 | AP10: 0.066542463 | AQ10: -0.031151795 | AR10: 0.077957649 | AS10: 0.027880807 | AT10: 0.088726627 | AU10: -0.028745282 | AV10: -0.038912479 | AW10: -0.017376223 | AX10: 0.051949975 | AY10: -0.043177425 | AZ10: -0.052332527 | BA10: 0.0016832733 | BB10: -0.047790117 | BC10: -0.10697857 | BD10: -0.03749193 | BE10: -0.097765764 | BF10: 0.031953273 | BG10: 0.029069211 | BH10: -0.011100985 | BI10: 0.013910878 | BJ10: -0.0049717831 | BK10: 0.013634347 | BL10: 0.016762991 | BM10: -0.04771661 | BN10: -0.031076751 | BO10: -0.046782348 | BP10: 0.021706988 | BQ10: 0.04692574 | BR10: -0.069125331 | BS10: -0.0013816104 | BT10: -0.014675592 | BU10: -0.012480187 | BV10: -0.0068891882 | BW10: -0.0012004685 | BX10: 0.041916691 | BY10: 0.061455588 | BZ10: 0.017722308 | CA10: 0.02073762 | CB10: 0.035747621 | CC10: 0.040038215 | CD10: -0.037858989 | CE10: -0.020530174 | CF10: 0.012898754 | CG10: -0.014585087 | CH10: -0.049119002 | CI10: -0.0085795702 | CJ10: 0.010671291 | CK10: 0.038415189 | CL10: -0.013028395 | CM10: 0.026879536 | CN10: -0.019306902 | CO10: 0.026473949 | CP10: 0.00079953824 | CQ10: 0.034759849 | CR10: 0.0012836106 | CS10: 0.00044614049 | CT10: 0.017699779 | CU10: -0.018949848 | CV10: 0.031048696 | CW10: -0.037411723 | CX10: -0.0088268451 | CY10: -0.012844408 | CZ10: -0.0358773 | DA10: -0.027977113 | DB10: 0.029880933 | DC10: -0.016379075 | DD10: -0.01992191 | DE10: -0.012980149 | DF10: 0.014261158 | DG10: -0.015141677 | DH10: -0.031281752 | DI10: {=SUMPRODUCT(POWER(B10:DH10,2))} -> 1
A11: 9 | B11: 0.1547771 | C11: 0.022704708 | D11: -0.048835874 | E11: 0.053061687 | F11: 0.0065393422 | G11: -0.033360801 | H11: -0.037347393 | I11: -0.013527962 | J11: -0.089569278 | K11: 0.032238571 | L11: -0.015596885 | M11: 0.13722319 | N11: 0.075580433 | O11: 0.16826236 | P11: 0.023038648 | Q11: -0.090119255 | R11: -0.11759889 | S11: -0.05118409 | T11: 0.037765402 | U11: -0.38436847 | V11: 0.30345593 | W11: -0.19114583 | X11: 0.10897295 | Y11: 0.32923482 | Z11: 0.20223309 | AA11: 0.078457071 | AB11: 0.041876366 | AC11: -0.16921855 | AD11: 0.26263262 | AE11: 0.35526705 | AF11: -0.079575353 | AG11: 0.057230784 | AH11: 0.095265388 | AI11: 0.12089543 | AJ11: -0.078254817 | AK11: 0.10455412 | AL11: 0.24530418 | AM11: -0.030126111 | AN11: -0.10533195 | AO11: -0.052752631 | AP11: -0.088050649 | AQ11: 0.028619094 | AR11: 0.01991321 | AS11: 0.074704629 | AT11: -0.02060794 | AU11: -0.031897261 | AV11: 0.075431758 | AW11: 0.0018975946 | AX11: 0.028166146 | AY11: -0.016972158 | AZ11: -0.020412783 | BA11: -0.022466834 | BB11: 0.021562393 | BC11: 0.065521995 | BD11: -0.02335073 | BE11: -0.05139174 | BF11: -0.057140332 | BG11: 0.036253536 | BH11: -0.038166957 | BI11: 0.037596904 | BJ11: 0.050136769 | BK11: 0.01235049 | BL11: -0.081305827 | BM11: -0.04485457 | BN11: -0.0080737626 | BO11: -0.040420223 | BP11: -0.093334047 | BQ11: 0.044912554 | BR11: -0.032175372 | BS11: -0.010127828 | BT11: 0.021910132 | BU11: -0.069494138 | BV11: 0.029957187 | BW11: 0.033190104 | BX11: 0.015373931 | BY11: 0.009258872 | BZ11: 0.021019913 | CA11: -0.034750026 | CB11: 0.016415459 | CC11: 0.010326745 | CD11: 0.040465422 | CE11: -0.022345258 | CF11: -0.0053117482 | CG11: 0.024921195 | CH11: 0.025754701 | CI11: 0.0022968347 | CJ11: 0.00055299107 | CK11: -0.001603101 | CL11: -0.0017915126 | CM11: -0.0072620763 | CN11: 0.014474485 | CO11: -0.015244746 | CP11: 0.00053123997 | CQ11: 0.014824353 | CR11: 0.028095039 | CS11: -0.0067117917 | CT11: 0.031164874 | CU11: 0.020190423 | CV11: 0.028944023 | CW11: -0.016798778 | CX11: 0.027761662 | CY11: -0.0239201 | CZ11: -0.0042986327 | DA11: 0.0003736269 | DB11: -0.0016839293 | DC11: -0.02035279 | DD11: -0.022393159 | DE11: 0.0089402509 | DF11: -0.01469513 | DG11: -0.022342932 | DH11: -0.012352724 | DI11: {=SUMPRODUCT(POWER(B11:DH11,2))} -> 1
A12: 10 | B12: 0.152051 | C12: 0.0099620495 | D12: -0.044241109 | E12: 0.060462647 | F12: 0.022169248 | G12: -0.034182507 | H12: -0.010428983 | I12: 0.077016151 | J12: -0.043718901 | K12: 0.06414288 | L12: -0.028431037 | M12: 0.078374799 | N12: 0.0082915626 | O12: 0.15627971 | P12: 0.06532994 | Q12: -0.22512707 | R12: -0.081668018 | S12: 0.020135385 | T12: 0.16427712 | U12: -0.064809348 | V12: -0.47973635 | W12: -0.32098712 | X12: -0.03937893 | Y12: 0.2348172 | Z12: -0.045380646 | AA12: -0.081748444 | AB12: 0.14778024 | AC12: 0.11292855 | AD12: 0.066787787 | AE12: -0.18646175 | AF12: 0.0034487956 | AG12: 0.24400861 | AH12: -0.11139847 | AI12: -0.12378164 | AJ12: -0.27057278 | AK12: -0.20147552 | AL12: -0.11078288 | AM12: -0.0028828167 | AN12: -0.054983896 | AO12: -0.056616684 | AP12: 0.17043603 | AQ12: -0.057396069 | AR12: -0.044921831 | AS12: 0.046041661 | AT12: -0.022096563 | AU12: 0.11293785 | AV12: -0.015164823 | AW12: 0.073399814 | AX12: -0.020287186 | AY12: 0.077558967 | AZ12: -0.038312069 | BA12: 0.044739326 | BB12: -0.042716541 | BC12: 0.11484513 | BD12: -0.0040191507 | BE12: 0.049287272 | BF12: -0.0057403735 | BG12: -0.067117308 | BH12: -0.011902642 | BI12: 0.05801227 | BJ12: -0.020201223 | BK12: 0.0062779129 | BL12: -0.024954951 | BM12: -0.03258241 | BN12: -0.022089109 | BO12: 0.028366235 | BP12: -0.06458979 | BQ12: -0.036033542 | BR12: -0.012716815 | BS12: 0.024824949 | BT12: 0.032429291 | BU12: 0.060969125 | BV12: -0.0042570777 | BW12: -0.035360996 | BX12: -0.027240232 | BY12: -0.019651305 | BZ12: 0.038377533 | CA12: 0.014663814 | CB12: 0.0080018621 | CC12: -0.011453961 | CD12: 0.027661115 | CE12: 0.00064992857 | CF12: -0.010253307 | CG12: 0.00027299854 | CH12: 0.025460221 | CI12: 0.01396055 | CJ12: 0.0054574322 | CK12: 0.033318815 | CL12: -0.072940859 | CM12: 0.01869242 | CN12: -0.0046196697 | CO12: -0.068057718 | CP12: 0.022135651 | CQ12: 0.0053878323 | CR12: -0.039432692 | CS12: -0.015428773 | CT12: -0.062952725 | CU12: 0.017955633 | CV12: -0.026805919 | CW12: -0.030422067 | CX12: -0.0073704879 | CY12: 0.063778346 | CZ12: 0.016129651 | DA12: 0.027688977 | DB12: -0.036986721 | DC12: -0.042839775 | DD12: 0.017024801 | DE12: -0.023714736 | DF12: 0.01029066 | DG12: 0.02269477 | DH12: 0.007232722 | DI12: {=SUMPRODUCT(POWER(B12:DH12,2))} -> 1
A13: 11 | B13: 0.14630904 | C13: 0.018817418 | D13: -0.037294141 | E13: 0.038219067 | F13: -0.0038006079 | G13: -0.04562818 | H13: -0.044491638 | I13: 0.03436822 | J13: -0.067889151 | K13: 0.066101733 | L13: -0.031003245 | M13: 0.099350528 | N13: -0.016360933 | O13: 0.098487745 | P13: 3.5325615e-05 | Q13: -0.080392034 | R13: 0.13661594 | S13: -0.093865121 | T13: -0.052181338 | U13: -0.14302132 | V13: 0.25478581 | W13: -0.26046573 | X13: 0.38128323 | Y13: -0.43630064 | Z13: -0.023341611 | AA13: -0.0058349893 | AB13: 0.06854323 | AC13: -0.18221376 | AD13: -0.14126043 | AE13: -0.32367519 | AF13: -0.017508218 | AG13: -0.12413343 | AH13: -0.29738293 | AI13: -0.027302679 | AJ13: 0.056683121 | AK13: -0.059692682 | AL13: 0.057389077 | AM13: 0.014147003 | AN13: 0.050327445 | AO13: -0.04839855 | AP13: 0.018750716 | AQ13: -0.022909977 | AR13: 0.0089350683 | AS13: 0.15834963 | AT13: -0.082587313 | AU13: 0.10926381 | AV13: 0.045513192 | AW13: 0.027222898 | AX13: 0.012456956 | AY13: -0.034627173 | AZ13: -0.016916564 | BA13: 0.0052697831 | BB13: 0.000661343 | BC13: 0.041707923 | BD13: 0.096260267 | BE13: -0.021973699 | BF13: 0.0005600438 | BG13: -0.011065941 | BH13: -0.02587404 | BI13: 0.093385903 | BJ13: -0.079921066 | BK13: 0.073035883 | BL13: 0.0050172874 | BM13: -0.020525394 | BN13: -0.042017359 | BO13: 0.063827399 | BP13: -0.022457153 | BQ13: 0.060263642 | BR13: -0.034229972 | BS13: 0.0049384454 | BT13: -0.010205231 | BU13: 0.045998298 | BV13: 3.3785565e-05 | BW13: -0.001041633 | BX13: -0.028371553 | BY13: -0.024030705 | BZ13: 0.057383753 | CA13: 0.053113355 | CB13: -0.022320651 | CC13: 0.011929655 | CD13: 0.0095579116 | CE13: -0.003179869 | CF13: -0.061555619 | CG13: 0.027064425 | CH13: 0.036782377 | CI13: 0.035808987 | CJ13: 0.026547987 | CK13: -0.015935547 | CL13: -0.021595125 | CM13: -0.0042156528 | CN13: 0.050812685 | CO13: -0.025527533 | CP13: -0.0054916702 | CQ13: -0.002544956 | CR13: 0.041664236 | CS13: 0.022258312 | CT13: 0.012710865 | CU13: 0.00084980785 | CV13: -0.035246309 | CW13: 0.035046126 | CX13: 0.0095244272 | CY13: -0.020217936 | CZ13: 0.011718684 | DA13: 0.0069425617 | DB13: -0.026644098 | DC13: -0.051941897 | DD13: -0.0040958859 | DE13: 0.031604708 | DF13: -0.018126464 | DG13: -0.0028332641 | DH13: 0.072468479 | DI13: {=SUMPRODUCT(POWER(B13:DH13,2))} -> 1
... A112: 110 | B112: 0.041849802 | C112: -0.50319297 | D112: -0.082031943 | E112: -0.16138716 | F112: 0.288629 | G112: -0.072559391 | H112: 0.098181049 | I112: 0.25745458 | J112: -0.049683889 | K112: 0.30365072 | L112: 0.3142925 | M112: 0.082213486 | N112: 0.51423857 | O112: -0.13265027 | P112: -0.15654919 | Q112: -0.012289186 | R112: 0.070451727 | S112: -0.046265278 | T112: -0.010831575 | U112: 0.054236321 | V112: 0.033471298 | W112: 0.045335212 | X112: -0.054553589 | Y112: 0.015442503 | Z112: 0.0089369716 | AA112: -0.0082000101 | AB112: 0.01922405 | AC112: -0.063843381 | AD112: -0.035256755 | AE112: 0.015611822 | AF112: -0.036474713 | AG112: -0.0032275964 | AH112: -0.053308435 | AI112: 0.018697411 | AJ112: -0.040584611 | AK112: -0.045304812 | AL112: 0.011823756 | AM112: 0.026429549 | AN112: -0.0095408154 | AO112: -0.0064591847 | AP112: 0.023418064 | AQ112: 0.0085441323 | AR112: 0.0038107915 | AS112: -0.01369286 | AT112: 0.024395248 | AU112: 0.025697335 | AV112: -0.015883394 | AW112: -0.016754354 | AX112: -0.0046378218 | AY112: 0.011781339 | AZ112: 0.0071664707 | BA112: 0.0039834096 | BB112: 0.0037455882 | BC112: -0.0090114777 | BD112: -0.0030358229 | BE112: -0.0032231789 | BF112: 0.004931248 | BG112: -0.021689405 | BH112: 0.010528423 | BI112: 0.0017177783 | BJ112: 0.016139575 | BK112: -0.015259799 | BL112: 0.0029359055 | BM112: 0.0059428839 | BN112: 0.006605419 | BO112: 0.014016904 | BP112: -0.018396361 | BQ112: 0.0083039901 | BR112: -0.00035739184 | BS112: 0.0060005119 | BT112: -0.0008417058 | BU112: 0.022044477 | BV112: 0.01282779 | BW112: -0.013862009 | BX112: 0.031806909 | BY112: 0.02207778 | BZ112: 0.001713899 | CA112: -0.0043496319 | CB112: 0.012640247 | CC112: -0.0047191341 | CD112: 0.0030672173 | CE112: 0.0095113847 | CF112: 0.0046753838 | CG112: -0.0043989924 | CH112: -0.0045657132 | CI112: -0.0017637571 | CJ112: 0.0014752093 | CK112: 0.0073553792 | CL112: 0.0056300508 | CM112: -0.0046291556 | CN112: 0.0087471197 | CO112: 0.0010882248 | CP112: 0.0019033347 | CQ112: 0.0075715936 | CR112: -0.008450548 | CS112: -0.016281417 | CT112: -0.00043937288 | CU112: -0.0094395981 | CV112: 0.010384833 | CW112: -0.00059066536 | CX112: 0.0092405654 | CY112: 0.000815482 | CZ112: -0.0025436132 | DA112: -0.019381251 | DB112: -0.0029088907 | DC112: 0.0021504526 | DD112: 0.0021458341 | DE112: -0.010236495 | DF112: 0.0081873683 | DG112: -0.0025102851 | DH112: -0.0096323918 | DI112: {=SUMPRODUCT(POWER(B112:DH112,2))} -> 1
B113: {=SUMPRODUCT(POWER(B2:B112,2))} -> 1 | C113: {=SUMPRODUCT(POWER(C2:C112,2))} -> 1 | D113: {=SUMPRODUCT(POWER(D2:D112,2))} -> 1 | E113: {=SUMPRODUCT(POWER(E2:E112,2))} -> 1 | F113: {=SUMPRODUCT(POWER(F2:F112,2))} -> 1 | G113: {=SUMPRODUCT(POWER(G2:G112,2))} -> 1 | H113: {=SUMPRODUCT(POWER(H2:H112,2))} -> 1 | I113: {=SUMPRODUCT(POWER(I2:I112,2))} -> 1 | ... DH113: {=SUMPRODUCT(POWER(DH2:DH112,2))} -> 1

Sheet S
B1: 0
A2: 0 | B2: 93.053549 | C2: =SUM($B$2:B2)/SUM($B$2:$B$112) -> 0.4639977 | D2: -> Valores singulares de mayor a menor. Representa la importancia de cada componente en la matriz de qxLog, por eso se usan solo las primeras filas de cada matriz para Lee Carter
A3: 1 | B3: 13.840892 | C3: =SUM($B$2:B3)/SUM($B$2:$B$112) -> 0.53301326
A4: 2 | B4: 13.159045 | C4: =SUM($B$2:B4)/SUM($B$2:$B$112) -> 0.59862888 | E4: 0 | F4: 1 | G4: 2 | H4: 3 | I4: 4 | J4: 5 | K4: 6 | L4: 7 | M4: 8 | N4: 9 | O4: 10 | P4: 11 | Q4: 12 | R4: 13 | S4: 14 | T4: 15 | U4: 16 | V4: 17 | W4: 18 | X4: 19 | Y4: 20 | Z4: 21 | AA4: 22 | AB4: 23 | AC4: 24 | AD4: 25 | AE4: 26 | AF4: 27 | AG4: 28 | AH4: 29 | AI4: 30 | AJ4: 31 | AK4: 32 | AL4: 33 | AM4: 34 | AN4: 35 | AO4: 36 | AP4: 37 | AQ4: 38 | AR4: 39 | AS4: 40 | AT4: 41 | AU4: 42 | AV4: 43 | AW4: 44 | AX4: 45 | AY4: 46 | AZ4: 47 | BA4: 48 | BB4: 49 | BC4: 50 | BD4: 51 | BE4: 52 | BF4: 53 | BG4: 54 | BH4: 55 | BI4: 56 | BJ4: 57 | BK4: 58 | BL4: 59 | BM4: 60 | BN4: 61 | BO4: 62 | BP4: 63 | BQ4: 64 | BR4: 65 | BS4: 66 | BT4: 67 | BU4: 68 | BV4: 69 | BW4: 70 | BX4: 71 | BY4: 72 | BZ4: 73 | CA4: 74 | CB4: 75 | CC4: 76 | CD4: 77 | CE4: 78 | CF4: 79 | CG4: 80 | CH4: 81 | CI4: 82 | CJ4: 83 | CK4: 84 | CL4: 85 | CM4: 86 | CN4: 87 | CO4: 88 | CP4: 89 | CQ4: 90 | CR4: 91 | CS4: 92 | CT4: 93 | CU4: 94 | CV4: 95 | CW4: 96 | CX4: 97 | CY4: 98 | CZ4: 99 | DA4: 100 | DB4: 101 | DC4: 102 | DD4: 103 | DE4: 104 | DF4: 105 | DG4: 106 | DH4: 107 | DI4: 108 | DJ4: 109 | DK4: 110
A5: 3 | B5: 7.6035617 | C5: =SUM($B$2:B5)/SUM($B$2:$B$112) -> 0.63654291 | D5: 0 | E5: 93.053549 | F5: 0 | G5: 0 | H5: 0 | I5: 0 | J5: 0 | K5: 0 | L5: 0 | M5: 0 | N5: 0 | O5: 0 | P5: 0 | Q5: 0 | R5: 0 | S5: 0 | T5: 0 | U5: 0 | V5: 0 | W5: 0 | X5: 0 | Y5: 0 | Z5: 0 | AA5: 0 | AB5: 0 | AC5: 0 | AD5: 0 | AE5: 0 | AF5: 0 | AG5: 0 | AH5: 0 | AI5: 0 | AJ5: 0 | AK5: 0 | AL5: 0 | AM5: 0 | AN5: 0 | AO5: 0 | AP5: 0 | AQ5: 0 | AR5: 0 | AS5: 0 | AT5: 0 | AU5: 0 | AV5: 0 | AW5: 0 | AX5: 0 | AY5: 0 | AZ5: 0 | BA5: 0 | BB5: 0 | BC5: 0 | BD5: 0 | BE5: 0 | BF5: 0 | BG5: 0 | BH5: 0 | BI5: 0 | BJ5: 0 | BK5: 0 | BL5: 0 | BM5: 0 | BN5: 0 | BO5: 0 | BP5: 0 | BQ5: 0 | BR5: 0 | BS5: 0 | BT5: 0 | BU5: 0 | BV5: 0 | BW5: 0 | BX5: 0 | BY5: 0 | BZ5: 0 | CA5: 0 | CB5: 0 | CC5: 0 | CD5: 0 | CE5: 0 | CF5: 0 | CG5: 0 | CH5: 0 | CI5: 0 | CJ5: 0 | CK5: 0 | CL5: 0 | CM5: 0 | CN5: 0 | CO5: 0 | CP5: 0 | CQ5: 0 | CR5: 0 | CS5: 0 | CT5: 0 | CU5: 0 | CV5: 0 | CW5: 0 | CX5: 0 | CY5: 0 | CZ5: 0 | DA5: 0 | DB5: 0 | DC5: 0 | DD5: 0 | DE5: 0 | DF5: 0 | DG5: 0 | DH5: 0 | DI5: 0 | DJ5: 0 | DK5: 0
A6: 4 | B6: 5.8090268 | C6: =SUM($B$2:B6)/SUM($B$2:$B$112) -> 0.66550876 | D6: 1 | E6: 0 | F6: 13.840892 | G6: 0 | H6: 0 | I6: 0 | J6: 0 | K6: 0 | L6: 0 | M6: 0 | N6: 0 | O6: 0 | P6: 0 | Q6: 0 | R6: 0 | S6: 0 | T6: 0 | U6: 0 | V6: 0 | W6: 0 | X6: 0 | Y6: 0 | Z6: 0 | AA6: 0 | AB6: 0 | AC6: 0 | AD6: 0 | AE6: 0 | AF6: 0 | AG6: 0 | AH6: 0 | AI6: 0 | AJ6: 0 | AK6: 0 | AL6: 0 | AM6: 0 | AN6: 0 | AO6: 0 | AP6: 0 | AQ6: 0 | AR6: 0 | AS6: 0 | AT6: 0 | AU6: 0 | AV6: 0 | AW6: 0 | AX6: 0 | AY6: 0 | AZ6: 0 | BA6: 0 | BB6: 0 | BC6: 0 | BD6: 0 | BE6: 0 | BF6: 0 | BG6: 0 | BH6: 0 | BI6: 0 | BJ6: 0 | BK6: 0 | BL6: 0 | BM6: 0 | BN6: 0 | BO6: 0 | BP6: 0 | BQ6: 0 | BR6: 0 | BS6: 0 | BT6: 0 | BU6: 0 | BV6: 0 | BW6: 0 | BX6: 0 | BY6: 0 | BZ6: 0 | CA6: 0 | CB6: 0 | CC6: 0 | CD6: 0 | CE6: 0 | CF6: 0 | CG6: 0 | CH6: 0 | CI6: 0 | CJ6: 0 | CK6: 0 | CL6: 0 | CM6: 0 | CN6: 0 | CO6: 0 | CP6: 0 | CQ6: 0 | CR6: 0 | CS6: 0 | CT6: 0 | CU6: 0 | CV6: 0 | CW6: 0 | CX6: 0 | CY6: 0 | CZ6: 0 | DA6: 0 | DB6: 0 | DC6: 0 | DD6: 0 | DE6: 0 | DF6: 0 | DG6: 0 | DH6: 0 | DI6: 0 | DJ6: 0 | DK6: 0
A7: 5 | B7: 4.5740996 | C7: =SUM($B$2:B7)/SUM($B$2:$B$112) -> 0.68831683 | D7: 2 | E7: 0 | F7: 0 | G7: 13.159045 | H7: 0 | I7: 0 | J7: 0 | K7: 0 | L7: 0 | M7: 0 | N7: 0 | O7: 0 | P7: 0 | Q7: 0 | R7: 0 | S7: 0 | T7: 0 | U7: 0 | V7: 0 | W7: 0 | X7: 0 | Y7: 0 | Z7: 0 | AA7: 0 | AB7: 0 | AC7: 0 | AD7: 0 | AE7: 0 | AF7: 0 | AG7: 0 | AH7: 0 | AI7: 0 | AJ7: 0 | AK7: 0 | AL7: 0 | AM7: 0 | AN7: 0 | AO7: 0 | AP7: 0 | AQ7: 0 | AR7: 0 | AS7: 0 | AT7: 0 | AU7: 0 | AV7: 0 | AW7: 0 | AX7: 0 | AY7: 0 | AZ7: 0 | BA7: 0 | BB7: 0 | BC7: 0 | BD7: 0 | BE7: 0 | BF7: 0 | BG7: 0 | BH7: 0 | BI7: 0 | BJ7: 0 | BK7: 0 | BL7: 0 | BM7: 0 | BN7: 0 | BO7: 0 | BP7: 0 | BQ7: 0 | BR7: 0 | BS7: 0 | BT7: 0 | BU7: 0 | BV7: 0 | BW7: 0 | BX7: 0 | BY7: 0 | BZ7: 0 | CA7: 0 | CB7: 0 | CC7: 0 | CD7: 0 | CE7: 0 | CF7: 0 | CG7: 0 | CH7: 0 | CI7: 0 | CJ7: 0 | CK7: 0 | CL7: 0 | CM7: 0 | CN7: 0 | CO7: 0 | CP7: 0 | CQ7: 0 | CR7: 0 | CS7: 0 | CT7: 0 | CU7: 0 | CV7: 0 | CW7: 0 | CX7: 0 | CY7: 0 | CZ7: 0 | DA7: 0 | DB7: 0 | DC7: 0 | DD7: 0 | DE7: 0 | DF7: 0 | DG7: 0 | DH7: 0 | DI7: 0 | DJ7: 0 | DK7: 0
A8: 6 | B8: 3.8457851 | C8: =SUM($B$2:B8)/SUM($B$2:$B$112) -> 0.70749327 | D8: 3 | E8: 0 | F8: 0 | G8: 0 | H8: 7.6035617 | I8: 0 | J8: 0 | K8: 0 | L8: 0 | M8: 0 | N8: 0 | O8: 0 | P8: 0 | Q8: 0 | R8: 0 | S8: 0 | T8: 0 | U8: 0 | V8: 0 | W8: 0 | X8: 0 | Y8: 0 | Z8: 0 | AA8: 0 | AB8: 0 | AC8: 0 | AD8: 0 | AE8: 0 | AF8: 0 | AG8: 0 | AH8: 0 | AI8: 0 | AJ8: 0 | AK8: 0 | AL8: 0 | AM8: 0 | AN8: 0 | AO8: 0 | AP8: 0 | AQ8: 0 | AR8: 0 | AS8: 0 | AT8: 0 | AU8: 0 | AV8: 0 | AW8: 0 | AX8: 0 | AY8: 0 | AZ8: 0 | BA8: 0 | BB8: 0 | BC8: 0 | BD8: 0 | BE8: 0 | BF8: 0 | BG8: 0 | BH8: 0 | BI8: 0 | BJ8: 0 | BK8: 0 | BL8: 0 | BM8: 0 | BN8: 0 | BO8: 0 | BP8: 0 | BQ8: 0 | BR8: 0 | BS8: 0 | BT8: 0 | BU8: 0 | BV8: 0 | BW8: 0 | BX8: 0 | BY8: 0 | BZ8: 0 | CA8: 0 | CB8: 0 | CC8: 0 | CD8: 0 | CE8: 0 | CF8: 0 | CG8: 0 | CH8: 0 | CI8: 0 | CJ8: 0 | CK8: 0 | CL8: 0 | CM8: 0 | CN8: 0 | CO8: 0 | CP8: 0 | CQ8: 0 | CR8: 0 | CS8: 0 | CT8: 0 | CU8: 0 | CV8: 0 | CW8: 0 | CX8: 0 | CY8: 0 | CZ8: 0 | DA8: 0 | DB8: 0 | DC8: 0 | DD8: 0 | DE8: 0 | DF8: 0 | DG8: 0 | DH8: 0 | DI8: 0 | DJ8: 0 | DK8: 0
A9: 7 | B9: 3.535881 | C9: =SUM($B$2:B9)/SUM($B$2:$B$112) -> 0.72512441 | D9: 4 | E9: 0 | F9: 0 | G9: 0 | H9: 0 | I9: 5.8090268 | J9: 0 | K9: 0 | L9: 0 | M9: 0 | N9: 0 | O9: 0 | P9: 0 | Q9: 0 | R9: 0 | S9: 0 | T9: 0 | U9: 0 | V9: 0 | W9: 0 | X9: 0 | Y9: 0 | Z9: 0 | AA9: 0 | AB9: 0 | AC9: 0 | AD9: 0 | AE9: 0 | AF9: 0 | AG9: 0 | AH9: 0 | AI9: 0 | AJ9: 0 | AK9: 0 | AL9: 0 | AM9: 0 | AN9: 0 | AO9: 0 | AP9: 0 | AQ9: 0 | AR9: 0 | AS9: 0 | AT9: 0 | AU9: 0 | AV9: 0 | AW9: 0 | AX9: 0 | AY9: 0 | AZ9: 0 | BA9: 0 | BB9: 0 | BC9: 0 | BD9: 0 | BE9: 0 | BF9: 0 | BG9: 0 | BH9: 0 | BI9: 0 | BJ9: 0 | BK9: 0 | BL9: 0 | BM9: 0 | BN9: 0 | BO9: 0 | BP9: 0 | BQ9: 0 | BR9: 0 | BS9: 0 | BT9: 0 | BU9: 0 | BV9: 0 | BW9: 0 | BX9: 0 | BY9: 0 | BZ9: 0 | CA9: 0 | CB9: 0 | CC9: 0 | CD9: 0 | CE9: 0 | CF9: 0 | CG9: 0 | CH9: 0 | CI9: 0 | CJ9: 0 | CK9: 0 | CL9: 0 | CM9: 0 | CN9: 0 | CO9: 0 | CP9: 0 | CQ9: 0 | CR9: 0 | CS9: 0 | CT9: 0 | CU9: 0 | CV9: 0 | CW9: 0 | CX9: 0 | CY9: 0 | CZ9: 0 | DA9: 0 | DB9: 0 | DC9: 0 | DD9: 0 | DE9: 0 | DF9: 0 | DG9: 0 | DH9: 0 | DI9: 0 | DJ9: 0 | DK9: 0
A10: 8 | B10: 3.4251923 | C10: =SUM($B$2:B10)/SUM($B$2:$B$112) -> 0.74220363 | D10: 5 | E10: 0 | F10: 0 | G10: 0 | H10: 0 | I10: 0 | J10: 4.5740996 | K10: 0 | L10: 0 | M10: 0 | N10: 0 | O10: 0 | P10: 0 | Q10: 0 | R10: 0 | S10: 0 | T10: 0 | U10: 0 | V10: 0 | W10: 0 | X10: 0 | Y10: 0 | Z10: 0 | AA10: 0 | AB10: 0 | AC10: 0 | AD10: 0 | AE10: 0 | AF10: 0 | AG10: 0 | AH10: 0 | AI10: 0 | AJ10: 0 | AK10: 0 | AL10: 0 | AM10: 0 | AN10: 0 | AO10: 0 | AP10: 0 | AQ10: 0 | AR10: 0 | AS10: 0 | AT10: 0 | AU10: 0 | AV10: 0 | AW10: 0 | AX10: 0 | AY10: 0 | AZ10: 0 | BA10: 0 | BB10: 0 | BC10: 0 | BD10: 0 | BE10: 0 | BF10: 0 | BG10: 0 | BH10: 0 | BI10: 0 | BJ10: 0 | BK10: 0 | BL10: 0 | BM10: 0 | BN10: 0 | BO10: 0 | BP10: 0 | BQ10: 0 | BR10: 0 | BS10: 0 | BT10: 0 | BU10: 0 | BV10: 0 | BW10: 0 | BX10: 0 | BY10: 0 | BZ10: 0 | CA10: 0 | CB10: 0 | CC10: 0 | CD10: 0 | CE10: 0 | CF10: 0 | CG10: 0 | CH10: 0 | CI10: 0 | CJ10: 0 | CK10: 0 | CL10: 0 | CM10: 0 | CN10: 0 | CO10: 0 | CP10: 0 | CQ10: 0 | CR10: 0 | CS10: 0 | CT10: 0 | CU10: 0 | CV10: 0 | CW10: 0 | CX10: 0 | CY10: 0 | CZ10: 0 | DA10: 0 | DB10: 0 | DC10: 0 | DD10: 0 | DE10: 0 | DF10: 0 | DG10: 0 | DH10: 0 | DI10: 0 | DJ10: 0 | DK10: 0
A11: 9 | B11: 3.135476 | C11: =SUM($B$2:B11)/SUM($B$2:$B$112) -> 0.75783821 | D11: 6 | E11: 0 | F11: 0 | G11: 0 | H11: 0 | I11: 0 | J11: 0 | K11: 3.8457851 | L11: 0 | M11: 0 | N11: 0 | O11: 0 | P11: 0 | Q11: 0 | R11: 0 | S11: 0 | T11: 0 | U11: 0 | V11: 0 | W11: 0 | X11: 0 | Y11: 0 | Z11: 0 | AA11: 0 | AB11: 0 | AC11: 0 | AD11: 0 | AE11: 0 | AF11: 0 | AG11: 0 | AH11: 0 | AI11: 0 | AJ11: 0 | AK11: 0 | AL11: 0 | AM11: 0 | AN11: 0 | AO11: 0 | AP11: 0 | AQ11: 0 | AR11: 0 | AS11: 0 | AT11: 0 | AU11: 0 | AV11: 0 | AW11: 0 | AX11: 0 | AY11: 0 | AZ11: 0 | BA11: 0 | BB11: 0 | BC11: 0 | BD11: 0 | BE11: 0 | BF11: 0 | BG11: 0 | BH11: 0 | BI11: 0 | BJ11: 0 | BK11: 0 | BL11: 0 | BM11: 0 | BN11: 0 | BO11: 0 | BP11: 0 | BQ11: 0 | BR11: 0 | BS11: 0 | BT11: 0 | BU11: 0 | BV11: 0 | BW11: 0 | BX11: 0 | BY11: 0 | BZ11: 0 | CA11: 0 | CB11: 0 | CC11: 0 | CD11: 0 | CE11: 0 | CF11: 0 | CG11: 0 | CH11: 0 | CI11: 0 | CJ11: 0 | CK11: 0 | CL11: 0 | CM11: 0 | CN11: 0 | CO11: 0 | CP11: 0 | CQ11: 0 | CR11: 0 | CS11: 0 | CT11: 0 | CU11: 0 | CV11: 0 | CW11: 0 | CX11: 0 | CY11: 0 | CZ11: 0 | DA11: 0 | DB11: 0 | DC11: 0 | DD11: 0 | DE11: 0 | DF11: 0 | DG11: 0 | DH11: 0 | DI11: 0 | DJ11: 0 | DK11: 0
A12: 10 | B12: 3.0353791 | C12: =SUM($B$2:B12)/SUM($B$2:$B$112) -> 0.77297368 | D12: 7 | E12: 0 | F12: 0 | G12: 0 | H12: 0 | I12: 0 | J12: 0 | K12: 0 | L12: 3.535881 | M12: 0 | N12: 0 | O12: 0 | P12: 0 | Q12: 0 | R12: 0 | S12: 0 | T12: 0 | U12: 0 | V12: 0 | W12: 0 | X12: 0 | Y12: 0 | Z12: 0 | AA12: 0 | AB12: 0 | AC12: 0 | AD12: 0 | AE12: 0 | AF12: 0 | AG12: 0 | AH12: 0 | AI12: 0 | AJ12: 0 | AK12: 0 | AL12: 0 | AM12: 0 | AN12: 0 | AO12: 0 | AP12: 0 | AQ12: 0 | AR12: 0 | AS12: 0 | AT12: 0 | AU12: 0 | AV12: 0 | AW12: 0 | AX12: 0 | AY12: 0 | AZ12: 0 | BA12: 0 | BB12: 0 | BC12: 0 | BD12: 0 | BE12: 0 | BF12: 0 | BG12: 0 | BH12: 0 | BI12: 0 | BJ12: 0 | BK12: 0 | BL12: 0 | BM12: 0 | BN12: 0 | BO12: 0 | BP12: 0 | BQ12: 0 | BR12: 0 | BS12: 0 | BT12: 0 | BU12: 0 | BV12: 0 | BW12: 0 | BX12: 0 | BY12: 0 | BZ12: 0 | CA12: 0 | CB12: 0 | CC12: 0 | CD12: 0 | CE12: 0 | CF12: 0 | CG12: 0 | CH12: 0 | CI12: 0 | CJ12: 0 | CK12: 0 | CL12: 0 | CM12: 0 | CN12: 0 | CO12: 0 | CP12: 0 | CQ12: 0 | CR12: 0 | CS12: 0 | CT12: 0 | CU12: 0 | CV12: 0 | CW12: 0 | CX12: 0 | CY12: 0 | CZ12: 0 | DA12: 0 | DB12: 0 | DC12: 0 | DD12: 0 | DE12: 0 | DF12: 0 | DG12: 0 | DH12: 0 | DI12: 0 | DJ12: 0 | DK12: 0
A13: 11 | B13: 2.5975274 | C13: =SUM($B$2:B13)/SUM($B$2:$B$112) -> 0.78592586 | D13: 8 | E13: 0 | F13: 0 | G13: 0 | H13: 0 | I13: 0 | J13: 0 | K13: 0 | L13: 0 | M13: 3.4251923 | N13: 0 | O13: 0 | P13: 0 | Q13: 0 | R13: 0 | S13: 0 | T13: 0 | U13: 0 | V13: 0 | W13: 0 | X13: 0 | Y13: 0 | Z13: 0 | AA13: 0 | AB13: 0 | AC13: 0 | AD13: 0 | AE13: 0 | AF13: 0 | AG13: 0 | AH13: 0 | AI13: 0 | AJ13: 0 | AK13: 0 | AL13: 0 | AM13: 0 | AN13: 0 | AO13: 0 | AP13: 0 | AQ13: 0 | AR13: 0 | AS13: 0 | AT13: 0 | AU13: 0 | AV13: 0 | AW13: 0 | AX13: 0 | AY13: 0 | AZ13: 0 | BA13: 0 | BB13: 0 | BC13: 0 | BD13: 0 | BE13: 0 | BF13: 0 | BG13: 0 | BH13: 0 | BI13: 0 | BJ13: 0 | BK13: 0 | BL13: 0 | BM13: 0 | BN13: 0 | BO13: 0 | BP13: 0 | BQ13: 0 | BR13: 0 | BS13: 0 | BT13: 0 | BU13: 0 | BV13: 0 | BW13: 0 | BX13: 0 | BY13: 0 | BZ13: 0 | CA13: 0 | CB13: 0 | CC13: 0 | CD13: 0 | CE13: 0 | CF13: 0 | CG13: 0 | CH13: 0 | CI13: 0 | CJ13: 0 | CK13: 0 | CL13: 0 | CM13: 0 | CN13: 0 | CO13: 0 | CP13: 0 | CQ13: 0 | CR13: 0 | CS13: 0 | CT13: 0 | CU13: 0 | CV13: 0 | CW13: 0 | CX13: 0 | CY13: 0 | CZ13: 0 | DA13: 0 | DB13: 0 | DC13: 0 | DD13: 0 | DE13: 0 | DF13: 0 | DG13: 0 | DH13: 0 | DI13: 0 | DJ13: 0 | DK13: 0
A14: 12 | B14: 2.2467159 | C14: =SUM($B$2:B14)/SUM($B$2:$B$112) -> 0.79712878 | D14: 9 | E14: 0 | F14: 0 | G14: 0 | H14: 0 | I14: 0 | J14: 0 | K14: 0 | L14: 0 | M14: 0 | N14: 3.135476 | O14: 0 | P14: 0 | Q14: 0 | R14: 0 | S14: 0 | T14: 0 | U14: 0 | V14: 0 | W14: 0 | X14: 0 | Y14: 0 | Z14: 0 | AA14: 0 | AB14: 0 | AC14: 0 | AD14: 0 | AE14: 0 | AF14: 0 | AG14: 0 | AH14: 0 | AI14: 0 | AJ14: 0 | AK14: 0 | AL14: 0 | AM14: 0 | AN14: 0 | AO14: 0 | AP14: 0 | AQ14: 0 | AR14: 0 | AS14: 0 | AT14: 0 | AU14: 0 | AV14: 0 | AW14: 0 | AX14: 0 | AY14: 0 | AZ14: 0 | BA14: 0 | BB14: 0 | BC14: 0 | BD14: 0 | BE14: 0 | BF14: 0 | BG14: 0 | BH14: 0 | BI14: 0 | BJ14: 0 | BK14: 0 | BL14: 0 | BM14: 0 | BN14: 0 | BO14: 0 | BP14: 0 | BQ14: 0 | BR14: 0 | BS14: 0 | BT14: 0 | BU14: 0 | BV14: 0 | BW14: 0 | BX14: 0 | BY14: 0 | BZ14: 0 | CA14: 0 | CB14: 0 | CC14: 0 | CD14: 0 | CE14: 0 | CF14: 0 | CG14: 0 | CH14: 0 | CI14: 0 | CJ14: 0 | CK14: 0 | CL14: 0 | CM14: 0 | CN14: 0 | CO14: 0 | CP14: 0 | CQ14: 0 | CR14: 0 | CS14: 0 | CT14: 0 | CU14: 0 | CV14: 0 | CW14: 0 | CX14: 0 | CY14: 0 | CZ14: 0 | DA14: 0 | DB14: 0 | DC14: 0 | DD14: 0 | DE14: 0 | DF14: 0 | DG14: 0 | DH14: 0 | DI14: 0 | DJ14: 0 | DK14: 0
A15: 13 | B15: 2.1109841 | C15: =SUM($B$2:B15)/SUM($B$2:$B$112) -> 0.80765489 | D15: 10 | E15: 0 | F15: 0 | G15: 0 | H15: 0 | I15: 0 | J15: 0 | K15: 0 | L15: 0 | M15: 0 | N15: 0 | O15: 3.0353791 | P15: 0 | Q15: 0 | R15: 0 | S15: 0 | T15: 0 | U15: 0 | V15: 0 | W15: 0 | X15: 0 | Y15: 0 | Z15: 0 | AA15: 0 | AB15: 0 | AC15: 0 | AD15: 0 | AE15: 0 | AF15: 0 | AG15: 0 | AH15: 0 | AI15: 0 | AJ15: 0 | AK15: 0 | AL15: 0 | AM15: 0 | AN15: 0 | AO15: 0 | AP15: 0 | AQ15: 0 | AR15: 0 | AS15: 0 | AT15: 0 | AU15: 0 | AV15: 0 | AW15: 0 | AX15: 0 | AY15: 0 | AZ15: 0 | BA15: 0 | BB15: 0 | BC15: 0 | BD15: 0 | BE15: 0 | BF15: 0 | BG15: 0 | BH15: 0 | BI15: 0 | BJ15: 0 | BK15: 0 | BL15: 0 | BM15: 0 | BN15: 0 | BO15: 0 | BP15: 0 | BQ15: 0 | BR15: 0 | BS15: 0 | BT15: 0 | BU15: 0 | BV15: 0 | BW15: 0 | BX15: 0 | BY15: 0 | BZ15: 0 | CA15: 0 | CB15: 0 | CC15: 0 | CD15: 0 | CE15: 0 | CF15: 0 | CG15: 0 | CH15: 0 | CI15: 0 | CJ15: 0 | CK15: 0 | CL15: 0 | CM15: 0 | CN15: 0 | CO15: 0 | CP15: 0 | CQ15: 0 | CR15: 0 | CS15: 0 | CT15: 0 | CU15: 0 | CV15: 0 | CW15: 0 | CX15: 0 | CY15: 0 | CZ15: 0 | DA15: 0 | DB15: 0 | DC15: 0 | DD15: 0 | DE15: 0 | DF15: 0 | DG15: 0 | DH15: 0 | DI15: 0 | DJ15: 0 | DK15: 0
A16: 14 | B16: 1.8689229 | C16: =SUM($B$2:B16)/SUM($B$2:$B$112) -> 0.81697399 | D16: 11 | E16: 0 | F16: 0 | G16: 0 | H16: 0 | I16: 0 | J16: 0 | K16: 0 | L16: 0 | M16: 0 | N16: 0 | O16: 0 | P16: 2.5975274 | Q16: 0 | R16: 0 | S16: 0 | T16: 0 | U16: 0 | V16: 0 | W16: 0 | X16: 0 | Y16: 0 | Z16: 0 | AA16: 0 | AB16: 0 | AC16: 0 | AD16: 0 | AE16: 0 | AF16: 0 | AG16: 0 | AH16: 0 | AI16: 0 | AJ16: 0 | AK16: 0 | AL16: 0 | AM16: 0 | AN16: 0 | AO16: 0 | AP16: 0 | AQ16: 0 | AR16: 0 | AS16: 0 | AT16: 0 | AU16: 0 | AV16: 0 | AW16: 0 | AX16: 0 | AY16: 0 | AZ16: 0 | BA16: 0 | BB16: 0 | BC16: 0 | BD16: 0 | BE16: 0 | BF16: 0 | BG16: 0 | BH16: 0 | BI16: 0 | BJ16: 0 | BK16: 0 | BL16: 0 | BM16: 0 | BN16: 0 | BO16: 0 | BP16: 0 | BQ16: 0 | BR16: 0 | BS16: 0 | BT16: 0 | BU16: 0 | BV16: 0 | BW16: 0 | BX16: 0 | BY16: 0 | BZ16: 0 | CA16: 0 | CB16: 0 | CC16: 0 | CD16: 0 | CE16: 0 | CF16: 0 | CG16: 0 | CH16: 0 | CI16: 0 | CJ16: 0 | CK16: 0 | CL16: 0 | CM16: 0 | CN16: 0 | CO16: 0 | CP16: 0 | CQ16: 0 | CR16: 0 | CS16: 0 | CT16: 0 | CU16: 0 | CV16: 0 | CW16: 0 | CX16: 0 | CY16: 0 | CZ16: 0 | DA16: 0 | DB16: 0 | DC16: 0 | DD16: 0 | DE16: 0 | DF16: 0 | DG16: 0 | DH16: 0 | DI16: 0 | DJ16: 0 | DK16: 0
... A112: 110 | B112: 0.00037815368 | C112: =SUM($B$2:B112)/SUM($B$2:$B$112) -> 1 | D112: 107 | E112: 0 | F112: 0 | G112: 0 | H112: 0 | I112: 0 | J112: 0 | K112: 0 | L112: 0 | M112: 0 | N112: 0 | O112: 0 | P112: 0 | Q112: 0 | R112: 0 | S112: 0 | T112: 0 | U112: 0 | V112: 0 | W112: 0 | X112: 0 | Y112: 0 | Z112: 0 | AA112: 0 | AB112: 0 | AC112: 0 | AD112: 0 | AE112: 0 | AF112: 0 | AG112: 0 | AH112: 0 | AI112: 0 | AJ112: 0 | AK112: 0 | AL112: 0 | AM112: 0 | AN112: 0 | AO112: 0 | AP112: 0 | AQ112: 0 | AR112: 0 | AS112: 0 | AT112: 0 | AU112: 0 | AV112: 0 | AW112: 0 | AX112: 0 | AY112: 0 | AZ112: 0 | BA112: 0 | BB112: 0 | BC112: 0 | BD112: 0 | BE112: 0 | BF112: 0 | BG112: 0 | BH112: 0 | BI112: 0 | BJ112: 0 | BK112: 0 | BL112: 0 | BM112: 0 | BN112: 0 | BO112: 0 | BP112: 0 | BQ112: 0 | BR112: 0 | BS112: 0 | BT112: 0 | BU112: 0 | BV112: 0 | BW112: 0 | BX112: 0 | BY112: 0 | BZ112: 0 | CA112: 0 | CB112: 0 | CC112: 0 | CD112: 0 | CE112: 0 | CF112: 0 | CG112: 0 | CH112: 0 | CI112: 0 | CJ112: 0 | CK112: 0 | CL112: 0 | CM112: 0 | CN112: 0 | CO112: 0 | CP112: 0 | CQ112: 0 | CR112: 0 | CS112: 0 | CT112: 0 | CU112: 0 | CV112: 0 | CW112: 0 | CX112: 0 | CY112: 0 | CZ112: 0 | DA112: 0 | DB112: 0 | DC112: 0 | DD112: 0 | DE112: 0 | DF112: 0 | DG112: 0 | DH112: 0.010384958 | DI112: 0 | DJ112: 0 | DK112: 0
D113: 108 | E113: 0 | F113: 0 | G113: 0 | H113: 0 | I113: 0 | J113: 0 | K113: 0 | L113: 0 | M113: 0 | N113: 0 | O113: 0 | P113: 0 | Q113: 0 | R113: 0 | S113: 0 | T113: 0 | U113: 0 | V113: 0 | W113: 0 | X113: 0 | Y113: 0 | Z113: 0 | AA113: 0 | AB113: 0 | AC113: 0 | AD113: 0 | AE113: 0 | AF113: 0 | AG113: 0 | AH113: 0 | AI113: 0 | AJ113: 0 | AK113: 0 | AL113: 0 | AM113: 0 | AN113: 0 | AO113: 0 | AP113: 0 | AQ113: 0 | AR113: 0 | AS113: 0 | AT113: 0 | AU113: 0 | AV113: 0 | AW113: 0 | AX113: 0 | AY113: 0 | AZ113: 0 | BA113: 0 | BB113: 0 | BC113: 0 | BD113: 0 | BE113: 0 | BF113: 0 | BG113: 0 | BH113: 0 | BI113: 0 | BJ113: 0 | BK113: 0 | BL113: 0 | BM113: 0 | BN113: 0 | BO113: 0 | BP113: 0 | BQ113: 0 | BR113: 0 | BS113: 0 | BT113: 0 | BU113: 0 | BV113: 0 | BW113: 0 | BX113: 0 | BY113: 0 | BZ113: 0 | CA113: 0 | CB113: 0 | CC113: 0 | CD113: 0 | CE113: 0 | CF113: 0 | CG113: 0 | CH113: 0 | CI113: 0 | CJ113: 0 | CK113: 0 | CL113: 0 | CM113: 0 | CN113: 0 | CO113: 0 | CP113: 0 | CQ113: 0 | CR113: 0 | CS113: 0 | CT113: 0 | CU113: 0 | CV113: 0 | CW113: 0 | CX113: 0 | CY113: 0 | CZ113: 0 | DA113: 0 | DB113: 0 | DC113: 0 | DD113: 0 | DE113: 0 | DF113: 0 | DG113: 0 | DH113: 0 | DI113: 0.0064074333 | DJ113: 0 | DK113: 0
D114: 109 | E114: 0 | F114: 0 | G114: 0 | H114: 0 | I114: 0 | J114: 0 | K114: 0 | L114: 0 | M114: 0 | N114: 0 | O114: 0 | P114: 0 | Q114: 0 | R114: 0 | S114: 0 | T114: 0 | U114: 0 | V114: 0 | W114: 0 | X114: 0 | Y114: 0 | Z114: 0 | AA114: 0 | AB114: 0 | AC114: 0 | AD114: 0 | AE114: 0 | AF114: 0 | AG114: 0 | AH114: 0 | AI114: 0 | AJ114: 0 | AK114: 0 | AL114: 0 | AM114: 0 | AN114: 0 | AO114: 0 | AP114: 0 | AQ114: 0 | AR114: 0 | AS114: 0 | AT114: 0 | AU114: 0 | AV114: 0 | AW114: 0 | AX114: 0 | AY114: 0 | AZ114: 0 | BA114: 0 | BB114: 0 | BC114: 0 | BD114: 0 | BE114: 0 | BF114: 0 | BG114: 0 | BH114: 0 | BI114: 0 | BJ114: 0 | BK114: 0 | BL114: 0 | BM114: 0 | BN114: 0 | BO114: 0 | BP114: 0 | BQ114: 0 | BR114: 0 | BS114: 0 | BT114: 0 | BU114: 0 | BV114: 0 | BW114: 0 | BX114: 0 | BY114: 0 | BZ114: 0 | CA114: 0 | CB114: 0 | CC114: 0 | CD114: 0 | CE114: 0 | CF114: 0 | CG114: 0 | CH114: 0 | CI114: 0 | CJ114: 0 | CK114: 0 | CL114: 0 | CM114: 0 | CN114: 0 | CO114: 0 | CP114: 0 | CQ114: 0 | CR114: 0 | CS114: 0 | CT114: 0 | CU114: 0 | CV114: 0 | CW114: 0 | CX114: 0 | CY114: 0 | CZ114: 0 | DA114: 0 | DB114: 0 | DC114: 0 | DD114: 0 | DE114: 0 | DF114: 0 | DG114: 0 | DH114: 0 | DI114: 0 | DJ114: 0.0040869701 | DK114: 0
D115: 110 | E115: 0 | F115: 0 | G115: 0 | H115: 0 | I115: 0 | J115: 0 | K115: 0 | L115: 0 | M115: 0 | N115: 0 | O115: 0 | P115: 0 | Q115: 0 | R115: 0 | S115: 0 | T115: 0 | U115: 0 | V115: 0 | W115: 0 | X115: 0 | Y115: 0 | Z115: 0 | AA115: 0 | AB115: 0 | AC115: 0 | AD115: 0 | AE115: 0 | AF115: 0 | AG115: 0 | AH115: 0 | AI115: 0 | AJ115: 0 | AK115: 0 | AL115: 0 | AM115: 0 | AN115: 0 | AO115: 0 | AP115: 0 | AQ115: 0 | AR115: 0 | AS115: 0 | AT115: 0 | AU115: 0 | AV115: 0 | AW115: 0 | AX115: 0 | AY115: 0 | AZ115: 0 | BA115: 0 | BB115: 0 | BC115: 0 | BD115: 0 | BE115: 0 | BF115: 0 | BG115: 0 | BH115: 0 | BI115: 0 | BJ115: 0 | BK115: 0 | BL115: 0 | BM115: 0 | BN115: 0 | BO115: 0 | BP115: 0 | BQ115: 0 | BR115: 0 | BS115: 0 | BT115: 0 | BU115: 0 | BV115: 0 | BW115: 0 | BX115: 0 | BY115: 0 | BZ115: 0 | CA115: 0 | CB115: 0 | CC115: 0 | CD115: 0 | CE115: 0 | CF115: 0 | CG115: 0 | CH115: 0 | CI115: 0 | CJ115: 0 | CK115: 0 | CL115: 0 | CM115: 0 | CN115: 0 | CO115: 0 | CP115: 0 | CQ115: 0 | CR115: 0 | CS115: 0 | CT115: 0 | CU115: 0 | CV115: 0 | CW115: 0 | CX115: 0 | CY115: 0 | CZ115: 0 | DA115: 0 | DB115: 0 | DC115: 0 | DD115: 0 | DE115: 0 | DF115: 0 | DG115: 0 | DH115: 0 | DI115: 0 | DJ115: 0 | DK115: 0.00037815368

Sheet Vt
B1: 0 | C1: 1 | D1: 2 | E1: 3 | F1: 4 | G1: 5 | H1: 6 | I1: 7 | J1: 8 | K1: 9 | L1: 10 | M1: 11 | N1: 12 | O1: 13 | P1: 14 | Q1: 15 | R1: 16 | S1: 17 | T1: 18 | U1: 19 | V1: 20 | W1: 21 | X1: 22 | Y1: 23 | Z1: 24 | AA1: 25 | AB1: 26 | AC1: 27 | AD1: 28 | AE1: 29 | AF1: 30 | AG1: 31 | AH1: 32 | AI1: 33 | AJ1: 34 | AK1: 35 | AL1: 36 | AM1: 37 | AN1: 38 | AO1: 39 | AP1: 40 | AQ1: 41 | AR1: 42 | AS1: 43 | AT1: 44 | AU1: 45 | AV1: 46 | AW1: 47 | AX1: 48 | AY1: 49 | AZ1: 50 | BA1: 51 | BB1: 52 | BC1: 53 | BD1: 54 | BE1: 55 | BF1: 56 | BG1: 57 | BH1: 58 | BI1: 59 | BJ1: 60 | BK1: 61 | BL1: 62 | BM1: 63 | BN1: 64 | BO1: 65 | BP1: 66 | BQ1: 67 | BR1: 68 | BS1: 69 | BT1: 70 | BU1: 71 | BV1: 72 | BW1: 73 | BX1: 74 | BY1: 75 | BZ1: 76 | CA1: 77 | CB1: 78 | CC1: 79 | CD1: 80 | CE1: 81 | CF1: 82 | CG1: 83 | CH1: 84 | CI1: 85 | CJ1: 86 | CK1: 87 | CL1: 88 | CM1: 89 | CN1: 90 | CO1: 91 | CP1: 92 | CQ1: 93 | CR1: 94 | CS1: 95 | CT1: 96 | CU1: 97 | CV1: 98 | CW1: 99 | CX1: 100 | CY1: 101 | CZ1: 102 | DA1: 103 | DB1: 104 | DC1: 105 | DD1: 106 | DE1: 107 | DF1: 108 | DG1: 109 | DH1: 110 | DI1: 111
A2: 0 | B2: 0.12877589 | C2: 0.13863747 | D2: 0.11937269 | E2: 0.12233079 | F2: 0.11738291 | G2: 0.14726881 | H2: 0.15938434 | I2: 0.16790119 | J2: 0.22184613 | K2: 0.16052666 | L2: 0.13574319 | M2: 0.12044328 | N2: 0.11928618 | O2: 0.11074407 | P2: 0.11624327 | Q2: 0.11539237 | R2: 0.11235885 | S2: 0.11079297 | T2: 0.10093868 | U2: 0.11077138 | V2: 0.095824823 | W2: 0.09528957 | X2: 0.097248858 | Y2: 0.089504824 | Z2: 0.089659048 | AA2: 0.089935771 | AB2: 0.089304503 | AC2: 0.086436531 | AD2: 0.088797797 | AE2: 0.077861474 | AF2: 0.084354309 | AG2: 0.09841848 | AH2: 0.11095186 | AI2: 0.13405895 | AJ2: 0.12126236 | AK2: 0.10762956 | AL2: 0.079657324 | AM2: 0.066264255 | AN2: 0.051839168 | AO2: 0.040952442 | AP2: 0.026059892 | AQ2: 0.029143007 | AR2: 0.025335846 | AS2: 0.016989132 | AT2: 0.0084659713 | AU2: 0.0096297215 | AV2: 0.0095776012 | AW2: 0.011756899 | AX2: 0.0016444071 | AY2: -0.00095064688 | AZ2: -0.0011488309 | BA2: -0.0036774734 | BB2: -0.0024059854 | BC2: -0.00088369372 | BD2: -0.0078059048 | BE2: -0.01010268 | BF2: -0.019782057 | BG2: -0.019774336 | BH2: -0.017925094 | BI2: -0.018627479 | BJ2: -0.020575258 | BK2: -0.025381216 | BL2: -0.026062442 | BM2: -0.025634842 | BN2: -0.035057511 | BO2: -0.037078336 | BP2: -0.036596 | BQ2: -0.043046203 | BR2: -0.044188914 | BS2: -0.045335391 | BT2: -0.041631615 | BU2: -0.050055857 | BV2: -0.054729924 | BW2: -0.053844286 | BX2: -0.060374746 | BY2: -0.061881185 | BZ2: -0.065223832 | CA2: -0.068732202 | CB2: -0.069785838 | CC2: -0.07119152 | CD2: -0.069526989 | CE2: -0.065857126 | CF2: -0.067904067 | CG2: -0.066656069 | CH2: -0.07187181 | CI2: -0.072874863 | CJ2: -0.07672811 | CK2: -0.081345438 | CL2: -0.086072697 | CM2: -0.092716238 | CN2: -0.0942577 | CO2: -0.096832818 | CP2: -0.09688171 | CQ2: -0.1058915 | CR2: -0.11356116 | CS2: -0.11356639 | CT2: -0.11867927 | CU2: -0.11791328 | CV2: -0.12250767 | CW2: -0.12378076 | CX2: -0.1303091 | CY2: -0.13054391 | CZ2: -0.13467567 | DA2: -0.13865035 | DB2: -0.14240324 | DC2: -0.14031156 | DD2: -0.14344664 | DE2: -0.13549634 | DF2: -0.1426448 | DG2: -0.14871501 | DH2: -0.14535258 | DI2: -0.14252937 | DJ2: {=SUMPRODUCT(POWER(B2:DI2,2))} -> 1
A3: 1 | B3: 0.040972492 | C3: -0.10093554 | D3: 0.12466742 | E3: -0.0087949857 | F3: 0.055298782 | G3: 0.10447808 | H3: -0.079527978 | I3: -0.14130397 | J3: 0.21939777 | K3: -0.12738529 | L3: 0.19501457 | M3: -0.0070729377 | N3: -0.022722 | O3: 0.067353705 | P3: -0.14609843 | Q3: -0.016546698 | R3: 0.061314096 | S3: -0.17368303 | T3: 0.31853034 | U3: -0.18756837 | V3: -0.044517574 | W3: 0.079409864 | X3: -0.02055705 | Y3: 0.13147505 | Z3: -0.11100815 | AA3: 0.040865682 | AB3: -0.084731256 | AC3: 0.23278451 | AD3: -0.15509138 | AE3: 0.18366136 | AF3: 0.069155615 | AG3: 0.061321975 | AH3: -0.081822926 | AI3: -0.18484803 | AJ3: -0.035265466 | AK3: -0.15950888 | AL3: -0.22433463 | AM3: -0.02824662 | AN3: -0.074348998 | AO3: 0.04332572 | AP3: 0.19431299 | AQ3: 0.002464035 | AR3: -0.17880109 | AS3: 0.045895625 | AT3: 0.12614886 | AU3: -0.014905709 | AV3: -0.0028505084 | AW3: -0.087193407 | AX3: 0.029073576 | AY3: 0.048776038 | AZ3: -0.043540266 | BA3: -0.0050343655 | BB3: 0.039613901 | BC3: 0.016684283 | BD3: -0.15432602 | BE3: -0.09117687 | BF3: 0.13772947 | BG3: 0.11663699 | BH3: 0.019382112 | BI3: 0.01426091 | BJ3: -0.097204161 | BK3: 0.050294286 | BL3: -0.0017502571 | BM3: -0.12462217 | BN3: -0.057438848 | BO3: 0.12021146 | BP3: -0.082980935 | BQ3: 0.12790865 | BR3: -0.0078311284 | BS3: -0.052992231 | BT3: -0.044934366 | BU3: -0.089520871 | BV3: 0.0079238787 | BW3: 0.0028000501 | BX3: -0.0061405011 | BY3: 0.014443796 | BZ3: -0.076626259 | CA3: 0.11930623 | CB3: 0.1014732 | CC3: 0.068537318 | CD3: 0.094818094 | CE3: 0.016262053 | CF3: 0.056929317 | CG3: -0.025517217 | CH3: 0.054449553 | CI3: 0.050133573 | CJ3: 0.06923962 | CK3: 0.02604818 | CL3: -0.0065331636 | CM3: 0.0050523061 | CN3: 0.045440364 | CO3: 0.045461917 | CP3: 0.0158439 | CQ3: -0.028671834 | CR3: 0.04943637 | CS3: -0.039135584 | CT3: 0.020346033 | CU3: -0.038148015 | CV3: -0.020702769 | CW3: -0.0058377014 | CX3: 0.024292938 | CY3: -0.027327834 | CZ3: -0.051817472 | DA3: -0.024126031 | DB3: -0.0091498914 | DC3: -0.03923676 | DD3: -0.041065395 | DE3: -0.02702932 | DF3: -0.028449804 | DG3: -0.065958282 | DH3: -0.059920818 | DI3: -0.032240843 | DJ3: {=SUMPRODUCT(POWER(B3:DI3,2))} -> 1
A4: 2 | B4: -0.0029780165 | C4: -0.023547407 | D4: 0.0066939652 | E4: -0.011432038 | F4: -0.012134952 | G4: 0.17598453 | H4: 0.24406337 | I4: 0.2807274 | J4: 0.22631651 | K4: 0.089345438 | L4: 0.043438993 | M4: 0.0046895503 | N4: -0.022421149 | O4: 0.010964743 | P4: -0.0064393687 | Q4: -0.0068487798 | R4: -0.016033971 | S4: -0.011019214 | T4: -0.015116893 | U4: -0.042399881 | V4: 0.0013851381 | W4: -0.012298558 | X4: -0.0092045913 | Y4: -0.0066553397 | Z4: -0.031045443 | AA4: -0.027517055 | AB4: -0.02855074 | AC4: -0.023349804 | AD4: -0.063039574 | AE4: -0.04942556 | AF4: -3.0917221e-05 | AG4: 0.091990306 | AH4: 0.15122713 | AI4: 0.20612029 | AJ4: 0.14387167 | AK4: 0.1246462 | AL4: 0.0046988237 | AM4: -0.00024644684 | AN4: -0.031992416 | AO4: -0.070105017 | AP4: -0.072737591 | AQ4: -0.097651598 | AR4: -0.13013959 | AS4: -0.13670512 | AT4: -0.096253719 | AU4: -0.096508463 | AV4: -0.1568958 | AW4: -0.14976441 | AX4: -0.1293113 | AY4: -0.11607364 | AZ4: -0.14918577 | BA4: -0.10502247 | BB4: -0.10007427 | BC4: -0.094041434 | BD4: -0.1403251 | BE4: -0.13644887 | BF4: -0.09288467 | BG4: -0.10202649 | BH4: -0.12155012 | BI4: -0.12558872 | BJ4: -0.13615291 | BK4: -0.094820144 | BL4: -0.095132169 | BM4: -0.13144166 | BN4: -0.1251321 | BO4: -0.094413095 | BP4: -0.11585151 | BQ4: -0.080787386 | BR4: -0.095826003 | BS4: -0.082398593 | BT4: -0.09197201 | BU4: -0.086534749 | BV4: -0.058553914 | BW4: -0.066860398 | BX4: -0.04214182 | BY4: -0.037002408 | BZ4: -0.06895838 | CA4: 0.0030497266 | CB4: 0.015681628 | CC4: 0.040730377 | CD4: 0.064548066 | CE4: 0.060716591 | CF4: 0.084903604 | CG4: 0.055453685 | CH4: 0.074135152 | CI4: 0.090191933 | CJ4: 0.087619508 | CK4: 0.064179544 | CL4: 0.084647995 | CM4: 0.089714544 | CN4: 0.10240346 | CO4: 0.10346503 | CP4: 0.09788604 | CQ4: 0.074114727 | CR4: 0.1065078 | CS4: 0.088351571 | CT4: 0.10165919 | CU4: 0.089064749 | CV4: 0.085948143 | CW4: 0.086916163 | CX4: 0.083316543 | CY4: 0.077116202 | CZ4: 0.061111985 | DA4: 0.065310228 | DB4: 0.065116001 | DC4: 0.060149191 | DD4: 0.066246419 | DE4: 0.080856465 | DF4: 0.08131602 | DG4: 0.079888226 | DH4: 0.033313874 | DI4: 0.065207065 | DJ4: {=SUMPRODUCT(POWER(B4:DI4,2))} -> 1
A5: 3 | B5: 0.1136345 | C5: 0.079817186 | D5: 0.1139761 | E5: 0.13080687 | F5: 0.093020206 | G5: -0.11346459 | H5: -0.12554479 | I5: -0.21361365 | J5: -0.16898114 | K5: 0.03279112 | L5: 0.053588909 | M5: 0.1017416 | N5: 0.049417754 | O5: 0.092886666 | P5: 0.05011717 | Q5: 0.073613295 | R5: 0.05990347 | S5: 0.085008505 | T5: -0.0039714721 | U5: 0.076037566 | V5: 0.158003 | W5: 0.069678353 | X5: 0.092639224 | Y5: 0.069121901 | Z5: 0.017517275 | AA5: 0.055609936 | AB5: 0.085974593 | AC5: 0.014178231 | AD5: 0.020586966 | AE5: 0.037208215 | AF5: -0.01094451 | AG5: -0.075512654 | AH5: -0.15778828 | AI5: -0.15881752 | AJ5: -0.16348803 | AK5: -0.026782682 | AL5: 0.18892233 | AM5: 0.090011149 | AN5: 0.11608305 | AO5: 0.10816298 | AP5: 0.04964115 | AQ5: 0.057462928 | AR5: 0.13762568 | AS5: 0.072693327 | AT5: 0.063388739 | AU5: 0.089064461 | AV5: -0.032039913 | AW5: 0.0075462291 | AX5: 0.016529225 | AY5: 0.031736853 | AZ5: -0.10242194 | BA5: 0.01184237 | BB5: 0.024335552 | BC5: -0.0115523 | BD5: -0.091440259 | BE5: -0.039139558 | BF5: 0.021049475 | BG5: -0.045438299 | BH5: -0.046925598 | BI5: -0.082101618 | BJ5: -0.1251798 | BK5: -0.053965064 | BL5: -0.083157199 | BM5: -0.17058299 | BN5: -0.13463298 | BO5: -0.11511521 | BP5: -0.14893298 | BQ5: -0.085428544 | BR5: -0.095466396 | BS5: -0.13612235 | BT5: -0.15473462 | BU5: -0.17404321 | BV5: -0.11114652 | BW5: -0.11985153 | BX5: -0.084279169 | BY5: -0.097422934 | BZ5: -0.2326085 | CA5: -0.046991202 | CB5: -0.090462255 | CC5: -0.096911323 | CD5: -0.075869009 | CE5: -0.12867257 | CF5: -0.041091865 | CG5: 0.0045875052 | CH5: 0.016671802 | CI5: -0.0095709013 | CJ5: -0.020886695 | CK5: -0.018374412 | CL5: -0.055401025 | CM5: -0.045789342 | CN5: -0.014896989 | CO5: -0.0012422493 | CP5: 0.023200015 | CQ5: -0.019867237 | CR5: 0.031490413 | CS5: 0.0040394677 | CT5: 0.040844661 | CU5: 0.018896109 | CV5: 0.03924749 | CW5: 0.057773001 | CX5: 0.11959765 | CY5: 0.089428412 | CZ5: 0.082403561 | DA5: 0.11862308 | DB5: 0.12895744 | DC5: 0.097252109 | DD5: 0.1161561 | DE5: 0.12690352 | DF5: 0.15911744 | DG5: 0.11518687 | DH5: 0.062462151 | DI5: 0.09285298 | DJ5: {=SUMPRODUCT(POWER(B5:DI5,2))} -> 1
A6: 4 | B6: 0.013856552 | C6: -0.01752372 | D6: 0.093608838 | E6: 0.1019356 | F6: 0.10728577 | G6: 0.040514541 | H6: 0.15371498 | I6: 0.063308279 | J6: 0.053908658 | K6: 0.07936903 | L6: 0.1299013 | M6: 0.0032048226 | N6: 0.0081010113 | O6: 0.099205108 | P6: 0.12222436 | Q6: -0.022374215 | R6: 0.025500209 | S6: -0.061160735 | T6: 0.10681909 | U6: -0.15554244 | V6: -0.0051995942 | W6: -0.017229924 | X6: -0.064945337 | Y6: 0.038666778 | Z6: 0.23857653 | AA6: 0.053270717 | AB6: -0.067832199 | AC6: 0.050411923 | AD6: 0.090985188 | AE6: 0.061529539 | AF6: -0.088396111 | AG6: -0.10228704 | AH6: -0.093579344 | AI6: -0.12609169 | AJ6: -0.19658568 | AK6: -0.22566142 | AL6: -0.17298458 | AM6: -0.092223869 | AN6: -0.11432252 | AO6: -0.059824828 | AP6: 0.027975666 | AQ6: -0.081940981 | AR6: -0.15368371 | AS6: -0.085399888 | AT6: -0.029982859 | AU6: -0.09309826 | AV6: -1.7226697e-05 | AW6: 0.098453648 | AX6: 0.12844509 | AY6: 0.10172185 | AZ6: 0.2651351 | BA6: 0.054896422 | BB6: -0.1823308 | BC6: -0.12819226 | BD6: 0.27200161 | BE6: -0.0069340405 | BF6: -0.15356719 | BG6: -0.042446957 | BH6: -0.069806451 | BI6: 0.063795216 | BJ6: 0.15246313 | BK6: -0.044219978 | BL6: 0.0039611556 | BM6: 0.11305002 | BN6: 0.035155036 | BO6: -0.088750477 | BP6: -0.021445449 | BQ6: -0.15847164 | BR6: -0.11191066 | BS6: -0.036910576 | BT6: 0.032926305 | BU6: 0.034929349 | BV6: -0.090985687 | BW6: -0.11589643 | BX6: -0.12638924 | BY6: -0.11115084 | BZ6: 0.13383642 | CA6: -0.16081294 | CB6: -0.086640362 | CC6: -0.0043900601 | CD6: -0.07882103 | CE6: 0.071259843 | CF6: -0.060380035 | CG6: 0.040284702 | CH6: -0.03514019 | CI6: 0.034200189 | CJ6: 0.0041291848 | CK6: 0.098745314 | CL6: -0.0093814234 | CM6: -0.037985942 | CN6: -0.039364474 | CO6: -0.0055578638 | CP6: 0.01934096 | CQ6: -0.0055005576 | CR6: 0.0042295668 | CS6: 0.049405696 | CT6: 0.0048323592 | CU6: 0.072475475 | CV6: 0.063482341 | CW6: 0.0089204046 | CX6: -0.020241179 | CY6: 0.04523246 | CZ6: 0.04731259 | DA6: 0.056961157 | DB6: 0.0718527 | DC6: 0.0044358772 | DD6: 0.050738052 | DE6: 0.041824826 | DF6: 0.043419833 | DG6: 0.075366271 | DH6: -0.014441909 | DI6: 0.012860164 | DJ6: {=SUMPRODUCT(POWER(B6:DI6,2))} -> 1
A7: 5 | B7: -0.090404799 | C7: -0.12358128 | D7: -0.068636312 | E7: -0.10115169 | F7: -0.08809551 | G7: 0.22773781 | H7: 0.27699802 | I7: 0.26729782 | J7: -0.39703621 | K7: -0.35511676 | L7: -0.11274458 | M7: -0.015230661 | N7: -0.00099767861 | O7: -0.015046444 | P7: -0.08927993 | Q7: -0.026936136 | R7: 0.031641447 | S7: 0.0011039376 | T7: 0.14562845 | U7: -0.0074217359 | V7: -0.07369963 | W7: -0.031559022 | X7: -0.094492335 | Y7: -0.0077154807 | Z7: -0.036754217 | AA7: 0.011971804 | AB7: -0.047231889 | AC7: 0.11026225 | AD7: 0.083585256 | AE7: 0.094687916 | AF7: 0.11465539 | AG7: 0.13937047 | AH7: 0.27740886 | AI7: 0.00077615011 | AJ7: 0.016989608 | AK7: 0.012904783 | AL7: -0.018345714 | AM7: 0.015632979 | AN7: -0.011601182 | AO7: 0.079625075 | AP7: 0.12573278 | AQ7: 0.068494554 | AR7: 0.025275498 | AS7: 0.11777456 | AT7: 0.072486396 | AU7: 0.043445047 | AV7: 0.1300377 | AW7: 0.054280848 | AX7: 0.11981769 | AY7: 0.053894034 | AZ7: 0.073533279 | BA7: 0.049100942 | BB7: 0.036786084 | BC7: 0.033993249 | BD7: 0.026082473 | BE7: -0.014365901 | BF7: -0.014401111 | BG7: 0.038532559 | BH7: -0.0091636203 | BI7: -0.016523631 | BJ7: -0.0064094998 | BK7: 0.010830147 | BL7: -0.051655107 | BM7: -0.044810783 | BN7: -0.060308911 | BO7: 0.017736172 | BP7: -0.079249686 | BQ7: -0.019828645 | BR7: -0.06462487 | BS7: -0.068024247 | BT7: -0.040779762 | BU7: -0.021856594 | BV7: -0.047331659 | BW7: -0.0080511921 | BX7: -0.057671069 | BY7: -0.047569729 | BZ7: -0.065834193 | CA7: -0.0098037516 | CB7: -0.0020415078 | CC7: -0.03262031 | CD7: -0.042635195 | CE7: -0.054276902 | CF7: -0.07929585 | CG7: -0.09966647 | CH7: -0.1369556 | CI7: -0.13713506 | CJ7: -0.15860797 | CK7: -0.058372458 | CL7: -0.068669512 | CM7: -0.05056817 | CN7: -0.023225299 | CO7: -0.030266997 | CP7: -0.027333606 | CQ7: -0.014906721 | CR7: -0.0040936025 | CS7: -0.00053113366 | CT7: -0.013806557 | CU7: -0.010502028 | CV7: 0.0095960696 | CW7: 0.040391387 | CX7: 0.03469643 | CY7: 0.030676332 | CZ7: 0.068169763 | DA7: 0.048136812 | DB7: 0.026024109 | DC7: 0.067033749 | DD7: 0.017216433 | DE7: 0.049734511 | DF7: 0.083771259 | DG7: 0.066724822 | DH7: 0.040025266 | DI7: 0.018545104 | DJ7: {=SUMPRODUCT(POWER(B7:DI7,2))} -> 1
A8: 6 | B8: -0.025298915 | C8: 0.11501326 | D8: 0.020542205 | E8: 0.11799399 | F8: 0.099866832 | G8: 0.060155508 | H8: -0.0028588839 | I8: 0.053098551 | J8: -0.08756694 | K8: -0.045688374 | L8: -0.0092575184 | M8: 0.0074139301 | N8: 0.092349067 | O8: 0.080846362 | P8: 0.011172001 | Q8: 0.019958052 | R8: 0.0061487154 | S8: -0.13558081 | T8: -0.037084012 | U8: 0.066935894 | V8: 0.066731467 | W8: -0.073820143 | X8: -0.054215219 | Y8: -0.027593578 | Z8: -0.20465211 | AA8: 0.071688643 | AB8: -0.0020543335 | AC8: -0.065289093 | AD8: -0.045168275 | AE8: 0.18306397 | AF8: -0.083152768 | AG8: -0.21610256 | AH8: 0.051486827 | AI8: 0.074933857 | AJ8: -0.072165965 | AK8: -0.10550273 | AL8: -0.034964155 | AM8: -0.06604861 | AN8: -0.026533491 | AO8: -0.058020232 | AP8: -0.026555574 | AQ8: -0.017344636 | AR8: 0.068854022 | AS8: 0.096871556 | AT8: -0.070999275 | AU8: 0.077070797 | AV8: 0.066083225 | AW8: 0.19421625 | AX8: -0.095266548 | AY8: -0.14184057 | AZ8: 0.14930064 | BA8: -0.025290689 | BB8: 0.0086788292 | BC8: -0.088095744 | BD8: 0.17030839 | BE8: 0.083697214 | BF8: 0.044382445 | BG8: 0.15959639 | BH8: 0.027602268 | BI8: -0.29808903 | BJ8: -0.0775741 | BK8: -0.1954339 | BL8: -0.040958971 | BM8: -0.056758775 | BN8: -0.14082562 | BO8: 0.14596083 | BP8: 0.046253926 | BQ8: -0.13889848 | BR8: -0.1577916 | BS8: 0.22184983 | BT8: -0.1807121 | BU8: -0.0071692604 | BV8: 0.038472596 | BW8: 0.025900289 | BX8: 0.1362459 | BY8: 0.098373559 | BZ8: -0.19210067 | CA8: 0.11423755 | CB8: 0.0056564807 | CC8: 0.11265963 | CD8: -0.020520108 | CE8: 0.17102571 | CF8: 0.055098671 | CG8: 0.048770657 | CH8: 0.053246181 | CI8: -0.015676351 | CJ8: -0.014415598 | CK8: -0.039986082 | CL8: 0.10950251 | CM8: 0.050893315 | CN8: -0.031866022 | CO8: 0.14535955 | CP8: 0.092765285 | CQ8: -0.0048472012 | CR8: -0.082932351 | CS8: 0.03303606 | CT8: -0.029714645 | CU8: 0.043233698 | CV8: 0.034946684 | CW8: -0.025876705 | CX8: -0.049981351 | CY8: 0.013260107 | CZ8: -0.043400783 | DA8: -0.063060137 | DB8: 0.015745247 | DC8: -0.086011964 | DD8: -0.070892841 | DE8: -0.030334287 | DF8: -0.052875326 | DG8: -0.032591079 | DH8: -0.014284895 | DI8: -0.018963431 | DJ8: {=SUMPRODUCT(POWER(B8:DI8,2))} -> 1
A9: 7 | B9: 0.029875819 | C9: -0.0039491434 | D9: -0.037384089 | E9: -0.023198845 | F9: -0.04230495 | G9: -0.05746537 | H9: -0.17004869 | I9: -0.14638003 | J9: 0.0015846692 | K9: -0.016356923 | L9: -0.017631644 | M9: 0.061351228 | N9: 0.030635145 | O9: -0.034108157 | P9: -0.10056739 | Q9: 0.071285226 | R9: 0.096020033 | S9: 0.06108929 | T9: 0.13598112 | U9: 0.039587661 | V9: -0.15208285 | W9: 0.084526335 | X9: 0.013493239 | Y9: 0.031357156 | Z9: 0.18488095 | AA9: -0.049974716 | AB9: -0.0074581627 | AC9: 0.13046841 | AD9: -0.058513686 | AE9: -0.17576652 | AF9: 0.10246196 | AG9: 0.19325997 | AH9: -0.062330556 | AI9: 0.066050375 | AJ9: 0.081231675 | AK9: 0.10885824 | AL9: 0.011910712 | AM9: 0.083063982 | AN9: 0.011334492 | AO9: 0.080702652 | AP9: 0.064955929 | AQ9: 0.10604945 | AR9: -0.11583342 | AS9: -0.11265992 | AT9: 0.086559751 | AU9: -0.11281932 | AV9: 0.057064129 | AW9: -0.18287339 | AX9: -0.10373868 | AY9: -0.11016992 | AZ9: 0.3526686 | BA9: -0.20619743 | BB9: 0.030220096 | BC9: -0.049162997 | BD9: -0.082582341 | BE9: -0.058630085 | BF9: -0.01237841 | BG9: 0.045939615 | BH9: 0.11954444 | BI9: -0.24522135 | BJ9: -0.084956876 | BK9: -0.09542545 | BL9: -0.059522055 | BM9: 0.14154137 | BN9: -0.075745042 | BO9: 0.052572237 | BP9: 0.14338976 | BQ9: -0.10488956 | BR9: -0.1069957 | BS9: 0.18963163 | BT9: -0.016519728 | BU9: 0.0090917666 | BV9: -0.039412657 | BW9: 0.0051807462 | BX9: -0.056935476 | BY9: 0.063472135 | BZ9: 0.085929914 | CA9: -0.027211878 | CB9: -0.016744024 | CC9: -0.090601951 | CD9: -0.17441112 | CE9: 0.083280064 | CF9: -0.057072863 | CG9: -0.09041585 | CH9: -0.08085862 | CI9: 0.020238711 | CJ9: -0.00292684 | CK9: -0.028382898 | CL9: 0.0056436641 | CM9: -0.06106217 | CN9: -0.11526707 | CO9: 0.088040525 | CP9: 0.0054481465 | CQ9: 0.0187901 | CR9: -0.11567523 | CS9: 0.042513712 | CT9: -0.008241821 | CU9: 0.094144482 | CV9: 0.098205028 | CW9: -0.030390826 | CX9: -0.040474736 | CY9: 0.046633616 | CZ9: 0.043966255 | DA9: 0.0069964906 | DB9: 0.0083650872 | DC9: 0.029674561 | DD9: 0.02549192 | DE9: 0.082430899 | DF9: -0.0055732182 | DG9: 0.067557695 | DH9: 0.11081642 | DI9: -0.0095566321 | DJ9: {=SUMPRODUCT(POWER(B9:DI9,2))} -> 1
A10: 8 | B10: -0.099586482 | C10: -0.043221766 | D10: -0.16770346 | E10: -0.14685103 | F10: -0.11909574 | G10: -0.12842866 | H10: -0.081191413 | I10: -0.021446201 | J10: 0.041890567 | K10: 0.31310342 | L10: -0.092789347 | M10: -0.092784991 | N10: 0.0012702348 | O10: -0.12626787 | P10: 0.0015762346 | Q10: -0.023598579 | R10: 0.010233364 | S10: 0.08127369 | T10: 0.064836231 | U10: 0.07604918 | V10: -0.13794542 | W10: -0.030178913 | X10: -0.074374318 | Y10: -0.0034721371 | Z10: 0.017138776 | AA10: 0.006676963 | AB10: -0.0019522649 | AC10: 0.027416554 | AD10: 0.19895851 | AE10: -0.020600171 | AF10: 0.069074423 | AG10: 0.032872657 | AH10: 0.0044044799 | AI10: 0.14763843 | AJ10: 0.032549838 | AK10: -0.0033977156 | AL10: -0.10122272 | AM10: -0.024612236 | AN10: -0.035853256 | AO10: 0.00044977114 | AP10: 0.042150198 | AQ10: 0.07888318 | AR10: -0.0038908807 | AS10: 0.025438991 | AT10: 0.015901154 | AU10: 0.0011246753 | AV10: 0.20105242 | AW10: 0.025948395 | AX10: 0.13085357 | AY10: -0.01088335 | AZ10: 0.1033931 | BA10: 0.07449898 | BB10: 0.026109246 | BC10: 0.060983257 | BD10: 0.10826174 | BE10: 0.081174753 | BF10: -0.042281311 | BG10: 0.043968221 | BH10: 0.12393857 | BI10: 0.19938716 | BJ10: -0.097975783 | BK10: 0.12106961 | BL10: -0.029499282 | BM10: -0.087657671 | BN10: -0.08175117 | BO10: 0.089358649 | BP10: -0.044802492 | BQ10: 0.038355713 | BR10: -0.14698562 | BS10: -0.044263381 | BT10: -0.13497782 | BU10: -0.08971823 | BV10: -0.18492634 | BW10: -0.14683242 | BX10: -0.13553357 | BY10: -0.075895985 | BZ10: -0.34021714 | CA10: -0.095192232 | CB10: -0.060224517 | CC10: 0.12661567 | CD10: 0.097323599 | CE10: 0.031970227 | CF10: 0.086157954 | CG10: 0.054837183 | CH10: 0.12424267 | CI10: 0.27521084 | CJ10: -0.015568792 | CK10: 0.059318879 | CL10: 0.080404983 | CM10: -0.0037547155 | CN10: 0.014840177 | CO10: 0.057694078 | CP10: -0.013166388 | CQ10: 0.038254311 | CR10: 0.008269908 | CS10: -0.044318748 | CT10: -0.068003057 | CU10: -0.044784683 | CV10: -0.0012199476 | CW10: -0.084246304 | CX10: -0.012313628 | CY10: 0.0010086061 | CZ10: 0.0030604233 | DA10: -0.021649782 | DB10: -0.020799393 | DC10: -0.018986791 | DD10: -0.019839909 | DE10: -0.011433158 | DF10: -0.024387031 | DG10: -0.043836431 | DH10: 0.040143684 | DI10: 0.059774528 | DJ10: {=SUMPRODUCT(POWER(B10:DI10,2))} -> 1
A11: 9 | B11: -0.054303897 | C11: -0.13351663 | D11: -0.06343961 | E11: -0.17352048 | F11: -0.10567701 | G11: -0.083751689 | H11: -0.070257927 | I11: -0.079145878 | J11: 0.16018278 | K11: 0.017840741 | L11: 0.044883552 | M11: -0.034457364 | N11: -0.05990482 | O11: -0.050312968 | P11: -0.10988312 | Q11: -0.036020183 | R11: -0.031299225 | S11: 0.078785815 | T11: 0.12332549 | U11: 0.037765901 | V11: 0.16059513 | W11: -0.065214058 | X11: -0.072678838 | Y11: 0.053335911 | Z11: -0.18717153 | AA11: 0.091593672 | AB11: 0.016033519 | AC11: 0.017804505 | AD11: 0.19624318 | AE11: 0.3760576 | AF11: -0.0072122626 | AG11: -0.069491056 | AH11: 0.042253359 | AI11: -0.025676632 | AJ11: 0.1152786 | AK11: 0.090099364 | AL11: 0.09788743 | AM11: 0.044464624 | AN11: 0.059893633 | AO11: 0.021848143 | AP11: 0.055374311 | AQ11: -0.15288533 | AR11: -0.023936453 | AS11: 0.15984452 | AT11: -0.13342122 | AU11: 0.13487766 | AV11: -0.1374414 | AW11: 0.030411118 | AX11: 0.0429146 | AY11: 0.048550682 | AZ11: 0.11476387 | BA11: 0.12227893 | BB11: -0.068062339 | BC11: -0.15150818 | BD11: -0.12069618 | BE11: -0.020755073 | BF11: -0.030284767 | BG11: -0.14697652 | BH11: -0.15512058 | BI11: -0.072184335 | BJ11: -0.12265857 | BK11: 0.026438681 | BL11: 0.022682254 | BM11: -0.017268784 | BN11: 0.078578305 | BO11: -0.19351274 | BP11: 0.19590571 | BQ11: 0.067780517 | BR11: 0.071767144 | BS11: 0.15740834 | BT11: 0.092099092 | BU11: 0.024745389 | BV11: 0.021109374 | BW11: 0.079146248 | BX11: -0.050186575 | BY11: -0.059779288 | BZ11: -0.051010542 | CA11: -0.084701041 | CB11: -0.092005591 | CC11: 0.0084046092 | CD11: -0.1219297 | CE11: 0.080189646 | CF11: -0.100724 | CG11: -0.10320728 | CH11: -0.17632079 | CI11: 0.081551609 | CJ11: 0.054797018 | CK11: 0.09174451 | CL11: 0.032940942 | CM11: -0.046651498 | CN11: -0.045601419 | CO11: 0.0047868002 | CP11: 0.019317341 | CQ11: 0.032310762 | CR11: -0.027029273 | CS11: 0.054426501 | CT11: -0.029600159 | CU11: 0.062051836 | CV11: 0.018924445 | CW11: 0.0027800558 | CX11: -0.067001289 | CY11: 0.072365202 | CZ11: 0.029320278 | DA11: 0.022977576 | DB11: -0.0032689138 | DC11: -0.0145701 | DD11: 0.011305141 | DE11: 0.064173506 | DF11: -0.048023981 | DG11: 0.045424986 | DH11: 0.027843394 | DI11: -0.029226765 | DJ11: {=SUMPRODUCT(POWER(B11:DI11,2))} -> 1
A12: 10 | B12: 0.084690426 | C12: 0.010896475 | D12: 0.1186782 | E12: 0.068247005 | F12: 0.048517665 | G12: 0.11803379 | H12: 0.18109464 | I12: 0.10382325 | J12: -0.097272005 | K12: -0.15010562 | L12: 0.015917221 | M12: 0.013911888 | N12: -0.044271484 | O12: 0.030959803 | P12: 0.062317987 | Q12: -0.026940972 | R12: -0.050332106 | S12: -0.035154265 | T12: -0.2008504 | U12: -0.076997606 | V12: 0.039872172 | W12: 0.027944676 | X12: 0.073092318 | Y12: -0.020161647 | Z12: 0.071182607 | AA12: -0.038548654 | AB12: -0.016096286 | AC12: -0.071739567 | AD12: -0.16718544 | AE12: -0.20712101 | AF12: -0.032652854 | AG12: 0.054108921 | AH12: -0.0079880518 | AI12: -0.17662849 | AJ12: -0.081888527 | AK12: -0.028855916 | AL12: 0.045044018 | AM12: -0.01062176 | AN12: 0.020133711 | AO12: 0.0039439285 | AP12: -0.10718406 | AQ12: -0.0088062851 | AR12: 0.15241569 | AS12: -0.014105233 | AT12: 0.068870379 | AU12: -0.011830951 | AV12: -0.083274 | AW12: -0.077824946 | AX12: 0.025477846 | AY12: 0.13524896 | AZ12: 0.2122474 | BA12: 0.033327312 | BB12: 0.055347835 | BC12: -0.044593948 | BD12: -0.12626666 | BE12: -0.033702781 | BF12: 0.058098765 | BG12: -0.13425734 | BH12: 0.053790719 | BI12: 0.2180988 | BJ12: -0.26454047 | BK12: 0.13765973 | BL12: 0.049387385 | BM12: -0.038353357 | BN12: -0.061271204 | BO12: -0.09333635 | BP12: 0.17911614 | BQ12: 0.14347972 | BR12: 0.0063862879 | BS12: 0.16282528 | BT12: -0.019037065 | BU12: 0.010775615 | BV12: -0.041509668 | BW12: -0.032965094 | BX12: -0.033775157 | BY12: 0.10329451 | BZ12: -0.20251588 | CA12: 0.028250504 | CB12: 0.017289288 | CC12: 0.14501176 | CD12: -0.076056547 | CE12: 0.053689778 | CF12: -0.039859437 | CG12: -0.035778399 | CH12: -0.073283832 | CI12: 0.28546963 | CJ12: -0.053384904 | CK12: 0.11415917 | CL12: 0.10083876 | CM12: -0.06450816 | CN12: -0.072397824 | CO12: 0.04281396 | CP12: 0.023484126 | CQ12: -0.03142784 | CR12: 0.061258843 | CS12: 0.053718418 | CT12: -0.026058874 | CU12: 0.007134117 | CV12: 0.023772476 | CW12: -0.085373053 | CX12: -0.053476089 | CY12: 0.121949 | CZ12: -0.040263728 | DA12: -0.015960986 | DB12: 0.01488253 | DC12: -0.12790365 | DD12: -0.0390686 | DE12: -0.0031742285 | DF12: -0.095598421 | DG12: -0.031084633 | DH12: -0.062238671 | DI12: -0.094520448 | DJ12: {=SUMPRODUCT(POWER(B12:DI12,2))} -> 1
A13: 11 | B13: 0.015873508 | C13: 0.064549331 | D13: 0.02865372 | E13: 0.12042283 | F13: 0.059460523 | G13: -0.056166002 | H13: -0.041368336 | I13: -0.028662942 | J13: 0.029189367 | K13: -0.19043518 | L13: -0.023864058 | M13: 0.10530934 | N13: -0.018119418 | O13: 0.018801129 | P13: 0.18444543 | Q13: 0.066411294 | R13: -0.024534743 | S13: 0.11591846 | T13: 0.067568549 | U13: -0.068198761 | V13: -0.069793766 | W13: 0.010641216 | X13: 0.022205274 | Y13: -0.07752407 | Z13: -0.032608954 | AA13: -0.06644803 | AB13: 0.037398189 | AC13: 0.042371357 | AD13: 0.15137755 | AE13: 0.040875356 | AF13: -0.08878292 | AG13: -0.18294622 | AH13: -0.017198139 | AI13: 0.021633978 | AJ13: 0.12912232 | AK13: 0.086376837 | AL13: 0.010681107 | AM13: 0.036020851 | AN13: -0.014059089 | AO13: -0.051598005 | AP13: 0.04396132 | AQ13: -0.050188766 | AR13: -0.26134527 | AS13: -0.15516085 | AT13: -0.079168304 | AU13: -0.058173346 | AV13: -0.028827729 | AW13: -0.081009935 | AX13: 0.051736699 | AY13: -0.22276983 | AZ13: -0.1645177 | BA13: -0.027424293 | BB13: -0.11107822 | BC13: -0.013315741 | BD13: 0.041984313 | BE13: 0.014652769 | BF13: -0.091443196 | BG13: 0.12067376 | BH13: 0.12087655 | BI13: 0.098245228 | BJ13: 0.029835629 | BK13: 0.15259496 | BL13: 0.082248993 | BM13: 0.026640556 | BN13: 0.038736147 | BO13: 0.25946123 | BP13: -0.00062274591 | BQ13: 0.14105017 | BR13: -0.0044323231 | BS13: 0.07959886 | BT13: 0.038333564 | BU13: 0.040537056 | BV13: 0.021182377 | BW13: -0.034084882 | BX13: 0.030351551 | BY13: 0.069744687 | BZ13: -0.24518112 | CA13: -0.03751232 | CB13: -0.06279902 | CC13: 0.047088789 | CD13: -0.077612145 | CE13: -0.18791527 | CF13: -0.16109395 | CG13: -0.05045432 | CH13: -0.18198856 | CI13: -0.046672446 | CJ13: -0.20082779 | CK13: -0.026503588 | CL13: 0.1602071 | CM13: 0.023237395 | CN13: -0.023899774 | CO13: -0.029158241 | CP13: 0.068663508 | CQ13: -0.0046282679 | CR13: 0.077164957 | CS13: -0.00068041201 | CT13: -0.0051624687 | CU13: 0.061783245 | CV13: 0.086125496 | CW13: 0.12140153 | CX13: 0.071132801 | CY13: 0.13124189 | CZ13: -0.013929302 | DA13: 0.025219075 | DB13: 0.064513142 | DC13: -0.040584963 | DD13: 0.091283687 | DE13: 0.095088786 | DF13: 0.0025268443 | DG13: -0.033400897 | DH13: -0.11693788 | DI13: -0.11161769 | DJ13: {=SUMPRODUCT(POWER(B13:DI13,2))} -> 1
... A112: 110 | B112: -0.29114692 | C112: 0.44078848 | D112: 0.031237494 | E112: -0.29921464 | F112: 0.059135805 | G112: -0.10509049 | H112: 0.32974826 | I112: -0.18758077 | J112: -0.092650928 | K112: 0.13429787 | L112: 0.045268454 | M112: -0.040611951 | N112: 0.055144485 | O112: 0.056653911 | P112: -0.042125751 | Q112: -0.030266795 | R112: 0.029414116 | S112: 0.00074422841 | T112: 0.014833738 | U112: -0.030660544 | V112: 0.037410414 | W112: -0.067838566 | X112: 0.0070068278 | Y112: 0.026607847 | Z112: 0.028826671 | AA112: -0.064288449 | AB112: -0.10891139 | AC112: -0.0075123008 | AD112: 0.040008456 | AE112: 0.021561568 | AF112: -0.038322433 | AG112: 0.014849429 | AH112: 0.0018983135 | AI112: -0.018766283 | AJ112: -0.039048591 | AK112: 0.079905032 | AL112: -0.0073668268 | AM112: 0.018444401 | AN112: -0.04580287 | AO112: 0.13017752 | AP112: 0.095801066 | AQ112: 0.032889369 | AR112: -0.016064356 | AS112: -0.12847618 | AT112: -0.074938989 | AU112: -0.11170231 | AV112: -0.076993012 | AW112: 0.097396184 | AX112: 0.035530631 | AY112: 0.054444194 | AZ112: 0.0050449618 | BA112: -0.079119493 | BB112: 0.030333037 | BC112: -0.14338832 | BD112: -0.18423199 | BE112: 0.085396829 | BF112: 0.083500211 | BG112: 0.088081211 | BH112: -0.076335654 | BI112: -0.0026948006 | BJ112: 0.020600081 | BK112: -0.050811686 | BL112: 0.1055656 | BM112: 0.0077406015 | BN112: -0.075423542 | BO112: 0.023941124 | BP112: 0.030800359 | BQ112: 0.18131359 | BR112: -0.032707803 | BS112: 0.011331733 | BT112: 0.0020325084 | BU112: 0.070794148 | BV112: -0.10687101 | BW112: -0.085063462 | BX112: 0.039437347 | BY112: 0.068322218 | BZ112: 0.019083758 | CA112: 0.074192493 | CB112: 0.049676552 | CC112: 0.068114999 | CD112: -0.021699156 | CE112: -0.042624578 | CF112: -0.14034826 | CG112: 0.064727082 | CH112: 0.0035667702 | CI112: -0.069072824 | CJ112: 0.073560678 | CK112: -0.010229589 | CL112: -0.031092745 | CM112: 0.028758303 | CN112: 0.046262993 | CO112: -0.01592586 | CP112: -0.014216405 | CQ112: -0.10100338 | CR112: -0.093404198 | CS112: -0.019236122 | CT112: 0.015319372 | CU112: 0.053651084 | CV112: 0.0011341619 | CW112: -0.1045313 | CX112: 0.10452779 | CY112: 0.020610024 | CZ112: 0.07230149 | DA112: -0.041340375 | DB112: -0.011826754 | DC112: 0.048362705 | DD112: -0.043530004 | DE112: 0.071477259 | DF112: 0.020537007 | DG112: -0.049175445 | DH112: -0.11251325 | DI112: 0.073674511 | DJ112: {=SUMPRODUCT(POWER(B112:DI112,2))} -> 1
B113: {=SUMPRODUCT(POWER(B2:B112,2))} -> 0.99107143 | C113: {=SUMPRODUCT(POWER(C2:C112,2))} -> 0.99107143 | D113: {=SUMPRODUCT(POWER(D2:D112,2))} -> 0.99107143 | E113: {=SUMPRODUCT(POWER(E2:E112,2))} -> 0.99107143 | F113: {=SUMPRODUCT(POWER(F2:F112,2))} -> 0.99107143 | G113: {=SUMPRODUCT(POWER(G2:G112,2))} -> 0.99107143 | H113: {=SUMPRODUCT(POWER(H2:H112,2))} -> 0.99107143 | I113: {=SUMPRODUCT(POWER(I2:I112,2))} -> 0.99107143 | ... DI113: {=SUMPRODUCT(POWER(DI2:DI112,2))} -> 0.99107143

Sheet Calculations -->

Sheet qxLog
A1: Age | B1: 1910 | C1: 1911 | D1: 1912 | E1: 1913 | F1: 1914 | G1: 1915 | H1: 1916 | I1: 1917 | J1: 1918 | K1: 1919 | L1: 1920 | M1: 1921 | N1: 1922 | O1: 1923 | P1: 1924 | Q1: 1925 | R1: 1926 | S1: 1927 | T1: 1928 | U1: 1929 | V1: 1930 | W1: 1931 | X1: 1932 | Y1: 1933 | Z1: 1934 | AA1: 1935 | AB1: 1936 | AC1: 1937 | AD1: 1938 | AE1: 1939 | AF1: 1940 | AG1: 1941 | AH1: 1942 | AI1: 1943 | AJ1: 1944 | AK1: 1945 | AL1: 1946 | AM1: 1947 | AN1: 1948 | AO1: 1949 | AP1: 1950 | AQ1: 1951 | AR1: 1952 | AS1: 1953 | AT1: 1954 | AU1: 1955 | AV1: 1956 | AW1: 1957 | AX1: 1958 | AY1: 1959 | AZ1: 1960 | BA1: 1961 | BB1: 1962 | BC1: 1963 | BD1: 1964 | BE1: 1965 | BF1: 1966 | BG1: 1967 | BH1: 1968 | BI1: 1969 | BJ1: 1970 | BK1: 1971 | BL1: 1972 | BM1: 1973 | BN1: 1974 | BO1: 1975 | BP1: 1976 | BQ1: 1977 | BR1: 1978 | BS1: 1979 | BT1: 1980 | BU1: 1981 | BV1: 1982 | BW1: 1983 | BX1: 1984 | BY1: 1985 | BZ1: 1986 | CA1: 1987 | CB1: 1988 | CC1: 1989 | CD1: 1990 | CE1: 1991 | CF1: 1992 | CG1: 1993 | CH1: 1994 | CI1: 1995 | CJ1: 1996 | CK1: 1997 | CL1: 1998 | CM1: 1999 | CN1: 2000 | CO1: 2001 | CP1: 2002 | CQ1: 2003 | CR1: 2004 | CS1: 2005 | CT1: 2006 | CU1: 2007 | CV1: 2008 | CW1: 2009 | CX1: 2010 | CY1: 2011 | CZ1: 2012 | DA1: 2013 | DB1: 2014 | DC1: 2015 | DD1: 2016 | DE1: 2017 | DF1: 2018 | DG1: 2019 | DH1: 2020 | DI1: 2021
A2: 0 | B2: =+LN(qxRatesPivot!B2) -> -1.8256059 | C2: =+LN(qxRatesPivot!C2) -> -1.7572131 | D2: =+LN(qxRatesPivot!D2) -> -1.9111513 | E2: =+LN(qxRatesPivot!E2) -> -1.9123216 | F2: =+LN(qxRatesPivot!F2) -> -1.9519423 | G2: =+LN(qxRatesPivot!G2) -> -1.8094083 | H2: =+LN(qxRatesPivot!H2) -> -1.8247993 | I2: =+LN(qxRatesPivot!I2) -> -1.8412124 | ... DI2: =+LN(qxRatesPivot!DI2) -> -5.9584167
A3: 1 | B3: =+LN(qxRatesPivot!B3) -> -2.73243 | C3: =+LN(qxRatesPivot!C3) -> -2.5976812 | D3: =+LN(qxRatesPivot!D3) -> -2.8447638 | E3: =+LN(qxRatesPivot!E3) -> -2.7615934 | F3: =+LN(qxRatesPivot!F3) -> -2.9375011 | G3: =+LN(qxRatesPivot!G3) -> -2.6895131 | H3: =+LN(qxRatesPivot!H3) -> -2.6131401 | I3: =+LN(qxRatesPivot!I3) -> -2.7836254 | ... DI3: =+LN(qxRatesPivot!DI3) -> -8.7095651
A4: 2 | B4: =+LN(qxRatesPivot!B4) -> -3.5008078 | C4: =+LN(qxRatesPivot!C4) -> -3.5187654 | D4: =+LN(qxRatesPivot!D4) -> -3.6403179 | E4: =+LN(qxRatesPivot!E4) -> -3.6258671 | F4: =+LN(qxRatesPivot!F4) -> -3.7928188 | G4: =+LN(qxRatesPivot!G4) -> -3.5962638 | H4: =+LN(qxRatesPivot!H4) -> -3.4441153 | I4: =+LN(qxRatesPivot!I4) -> -3.6441356 | ... DI4: =+LN(qxRatesPivot!DI4) -> -9.0033262
A5: 3 | B5: =+LN(qxRatesPivot!B5) -> -4.1049405 | C5: =+LN(qxRatesPivot!C5) -> -4.0882233 | D5: =+LN(qxRatesPivot!D5) -> -4.2339515 | E5: =+LN(qxRatesPivot!E5) -> -4.1663348 | F5: =+LN(qxRatesPivot!F5) -> -4.3712054 | G5: =+LN(qxRatesPivot!G5) -> -4.195182 | H5: =+LN(qxRatesPivot!H5) -> -4.0332306 | I5: =+LN(qxRatesPivot!I5) -> -4.1852763 | ... DI5: =+LN(qxRatesPivot!DI5) -> -9.293722
A6: 4 | B6: =+LN(qxRatesPivot!B6) -> -4.4901465 | C6: =+LN(qxRatesPivot!C6) -> -4.487476 | D6: =+LN(qxRatesPivot!D6) -> -4.6050702 | E6: =+LN(qxRatesPivot!E6) -> -4.6103838 | F6: =+LN(qxRatesPivot!F6) -> -4.7089764 | G6: =+LN(qxRatesPivot!G6) -> -4.6004812 | H6: =+LN(qxRatesPivot!H6) -> -4.4095212 | I6: =+LN(qxRatesPivot!I6) -> -4.5411631 | ... DI6: =+LN(qxRatesPivot!DI6) -> -9.6411233
A7: 5 | B7: =+LN(qxRatesPivot!B7) -> -4.8704387 | C7: =+LN(qxRatesPivot!C7) -> -4.8634229 | D7: =+LN(qxRatesPivot!D7) -> -5.0014774 | E7: =+LN(qxRatesPivot!E7) -> -4.904655 | F7: =+LN(qxRatesPivot!F7) -> -5.0932563 | G7: =+LN(qxRatesPivot!G7) -> -4.9466751 | H7: =+LN(qxRatesPivot!H7) -> -4.757273 | I7: =+LN(qxRatesPivot!I7) -> -4.8393747 | ... DI7: =+LN(qxRatesPivot!DI7) -> -9.6258558
A8: 6 | B8: =+LN(qxRatesPivot!B8) -> -5.1098481 | C8: =+LN(qxRatesPivot!C8) -> -5.072298 | D8: =+LN(qxRatesPivot!D8) -> -5.238917 | E8: =+LN(qxRatesPivot!E8) -> -5.2250669 | F8: =+LN(qxRatesPivot!F8) -> -5.2767516 | G8: =+LN(qxRatesPivot!G8) -> -5.2204308 | H8: =+LN(qxRatesPivot!H8) -> -5.0270696 | I8: =+LN(qxRatesPivot!I8) -> -5.0994665 | ... DI8: =+LN(qxRatesPivot!DI8) -> -9.7379731
A9: 7 | B9: =+LN(qxRatesPivot!B9) -> -5.3917493 | C9: =+LN(qxRatesPivot!C9) -> -5.313431 | D9: =+LN(qxRatesPivot!D9) -> -5.4791201 | E9: =+LN(qxRatesPivot!E9) -> -5.486818 | F9: =+LN(qxRatesPivot!F9) -> -5.519962 | G9: =+LN(qxRatesPivot!G9) -> -5.4114861 | H9: =+LN(qxRatesPivot!H9) -> -5.323225 | I9: =+LN(qxRatesPivot!I9) -> -5.296519 | ... DI9: =+LN(qxRatesPivot!DI9) -> -9.7724593
A10: 8 | B10: =+LN(qxRatesPivot!B10) -> -5.5814764 | C10: =+LN(qxRatesPivot!C10) -> -5.5814764 | D10: =+LN(qxRatesPivot!D10) -> -5.6804566 | E10: =+LN(qxRatesPivot!E10) -> -5.645042 | F10: =+LN(qxRatesPivot!F10) -> -5.768641 | G10: =+LN(qxRatesPivot!G10) -> -5.6146733 | H10: =+LN(qxRatesPivot!H10) -> -5.4582514 | I10: =+LN(qxRatesPivot!I10) -> -5.4779226 | ... DI10: =+LN(qxRatesPivot!DI10) -> -9.4980224
A11: 9 | B11: =+LN(qxRatesPivot!B11) -> -5.7337264 | C11: =+LN(qxRatesPivot!C11) -> -5.6946245 | D11: =+LN(qxRatesPivot!D11) -> -5.8303666 | E11: =+LN(qxRatesPivot!E11) -> -5.8005137 | F11: =+LN(qxRatesPivot!F11) -> -5.9115449 | G11: =+LN(qxRatesPivot!G11) -> -5.7702428 | H11: =+LN(qxRatesPivot!H11) -> -5.619901 | I11: =+LN(qxRatesPivot!I11) -> -5.5532096 | ... DI11: =+LN(qxRatesPivot!DI11) -> -10.260162
A12: 10 | B12: =+LN(qxRatesPivot!B12) -> -5.8242566 | C12: =+LN(qxRatesPivot!C12) -> -5.7272558 | D12: =+LN(qxRatesPivot!D12) -> -5.892887 | E12: =+LN(qxRatesPivot!E12) -> -5.8763517 | F12: =+LN(qxRatesPivot!F12) -> -5.9331956 | G12: =+LN(qxRatesPivot!G12) -> -5.7945828 | H12: =+LN(qxRatesPivot!H12) -> -5.7114115 | I12: =+LN(qxRatesPivot!I12) -> -5.6538501 | ... DI12: =+LN(qxRatesPivot!DI12) -> -9.5114455
A13: 11 | B13: =+LN(qxRatesPivot!B13) -> -5.888547 | C13: =+LN(qxRatesPivot!C13) -> -5.815832 | D13: =+LN(qxRatesPivot!D13) -> -5.959191 | E13: =+LN(qxRatesPivot!E13) -> -5.9400113 | F13: =+LN(qxRatesPivot!F13) -> -5.987871 | G13: =+LN(qxRatesPivot!G13) -> -5.8534432 | H13: =+LN(qxRatesPivot!H13) -> -5.8028296 | I13: =+LN(qxRatesPivot!I13) -> -5.7696018 | ... DI13: =+LN(qxRatesPivot!DI13) -> -9.8642668
... A112: 110 | B112: =+LN(qxRatesPivot!B112) -> 0.48342688 | C112: =+LN(qxRatesPivot!C112) -> 1.439783 | D112: =+LN(qxRatesPivot!D112) -> -0.043172672 | E112: =+LN(qxRatesPivot!E112) -> 0.8284885 | F112: =+LN(qxRatesPivot!F112) -> 0.42250117 | G112: =+LN(qxRatesPivot!G112) -> 0.10943361 | H112: =+LN(qxRatesPivot!H112) -> 1.4302574 | I112: =+LN(qxRatesPivot!I112) -> 1.7917595 | ... DI112: =+LN(qxRatesPivot!DI112) -> -0.46768153

Sheet qxLogAverage
A1: Age | B1: Average
A2: 0 | B2: =+AVERAGE(qxLog!B2:DI2) -> -3.6055579
A3: 1 | B3: =+AVERAGE(qxLog!B3:DI3) -> -5.732192
A4: 2 | B4: =+AVERAGE(qxLog!B4:DI4) -> -6.4370881
A5: 3 | B5: =+AVERAGE(qxLog!B5:DI5) -> -6.8218417
A6: 4 | B6: =+AVERAGE(qxLog!B6:DI6) -> -7.0744027
A7: 5 | B7: =+AVERAGE(qxLog!B7:DI7) -> -7.2797183
A8: 6 | B8: =+AVERAGE(qxLog!B8:DI8) -> -7.3764168
A9: 7 | B9: =+AVERAGE(qxLog!B9:DI9) -> -7.5136939
A10: 8 | B10: =+AVERAGE(qxLog!B10:DI10) -> -7.6041178
A11: 9 | B11: =+AVERAGE(qxLog!B11:DI11) -> -7.6572042
A12: 10 | B12: =+AVERAGE(qxLog!B12:DI12) -> -7.6823588
A13: 11 | B13: =+AVERAGE(qxLog!B13:DI13) -> -7.6721563
... A112: 110 | B112: =+AVERAGE(qxLog!B112:DI112) -> 0.30406301

Sheet qxLogCenteredReplica
A1: Age | B1: 1910 | C1: 1911 | D1: 1912 | E1: 1913 | F1: 1914 | G1: 1915 | H1: 1916 | I1: 1917 | J1: 1918 | K1: 1919 | L1: 1920 | M1: 1921 | N1: 1922 | O1: 1923 | P1: 1924 | Q1: 1925 | R1: 1926 | S1: 1927 | T1: 1928 | U1: 1929 | V1: 1930 | W1: 1931 | X1: 1932 | Y1: 1933 | Z1: 1934 | AA1: 1935 | AB1: 1936 | AC1: 1937 | AD1: 1938 | AE1: 1939 | AF1: 1940 | AG1: 1941 | AH1: 1942 | AI1: 1943 | AJ1: 1944 | AK1: 1945 | AL1: 1946 | AM1: 1947 | AN1: 1948 | AO1: 1949 | AP1: 1950 | AQ1: 1951 | AR1: 1952 | AS1: 1953 | AT1: 1954 | AU1: 1955 | AV1: 1956 | AW1: 1957 | AX1: 1958 | AY1: 1959 | AZ1: 1960 | BA1: 1961 | BB1: 1962 | BC1: 1963 | BD1: 1964 | BE1: 1965 | BF1: 1966 | BG1: 1967 | BH1: 1968 | BI1: 1969 | BJ1: 1970 | BK1: 1971 | BL1: 1972 | BM1: 1973 | BN1: 1974 | BO1: 1975 | BP1: 1976 | BQ1: 1977 | BR1: 1978 | BS1: 1979 | BT1: 1980 | BU1: 1981 | BV1: 1982 | BW1: 1983 | BX1: 1984 | BY1: 1985 | BZ1: 1986 | CA1: 1987 | CB1: 1988 | CC1: 1989 | CD1: 1990 | CE1: 1991 | CF1: 1992 | CG1: 1993 | CH1: 1994 | CI1: 1995 | CJ1: 1996 | CK1: 1997 | CL1: 1998 | CM1: 1999 | CN1: 2000 | CO1: 2001 | CP1: 2002 | CQ1: 2003 | CR1: 2004 | CS1: 2005 | CT1: 2006 | CU1: 2007 | CV1: 2008 | CW1: 2009 | CX1: 2010 | CY1: 2011 | CZ1: 2012 | DA1: 2013 | DB1: 2014 | DC1: 2015 | DD1: 2016 | DE1: 2017 | DF1: 2018 | DG1: 2019 | DH1: 2020 | DI1: 2021
A2: 0 | B2: =+qxLog!B2-qxLogAverage!$B2 -> 1.7799521 | C2: =+qxLog!C2-qxLogAverage!$B2 -> 1.8483448 | D2: =+qxLog!D2-qxLogAverage!$B2 -> 1.6944066 | E2: =+qxLog!E2-qxLogAverage!$B2 -> 1.6932363 | F2: =+qxLog!F2-qxLogAverage!$B2 -> 1.6536156 | G2: =+qxLog!G2-qxLogAverage!$B2 -> 1.7961496 | H2: =+qxLog!H2-qxLogAverage!$B2 -> 1.7807586 | I2: =+qxLog!I2-qxLogAverage!$B2 -> 1.7643456 | ... DI2: =+qxLog!DI2-qxLogAverage!$B2 -> -2.3528588
A3: 1 | B3: =+qxLog!B3-qxLogAverage!$B3 -> 2.9997621 | C3: =+qxLog!C3-qxLogAverage!$B3 -> 3.1345108 | D3: =+qxLog!D3-qxLogAverage!$B3 -> 2.8874283 | E3: =+qxLog!E3-qxLogAverage!$B3 -> 2.9705987 | F3: =+qxLog!F3-qxLogAverage!$B3 -> 2.7946909 | G3: =+qxLog!G3-qxLogAverage!$B3 -> 3.042679 | H3: =+qxLog!H3-qxLogAverage!$B3 -> 3.1190519 | I3: =+qxLog!I3-qxLogAverage!$B3 -> 2.9485666 | ... DI3: =+qxLog!DI3-qxLogAverage!$B3 -> -2.977373
A4: 2 | B4: =+qxLog!B4-qxLogAverage!$B4 -> 2.9362803 | C4: =+qxLog!C4-qxLogAverage!$B4 -> 2.9183226 | D4: =+qxLog!D4-qxLogAverage!$B4 -> 2.7967702 | E4: =+qxLog!E4-qxLogAverage!$B4 -> 2.811221 | F4: =+qxLog!F4-qxLogAverage!$B4 -> 2.6442693 | G4: =+qxLog!G4-qxLogAverage!$B4 -> 2.8408243 | H4: =+qxLog!H4-qxLogAverage!$B4 -> 2.9929728 | I4: =+qxLog!I4-qxLogAverage!$B4 -> 2.7929525 | ... DI4: =+qxLog!DI4-qxLogAverage!$B4 -> -2.5662381
A5: 3 | B5: =+qxLog!B5-qxLogAverage!$B5 -> 2.7169012 | C5: =+qxLog!C5-qxLogAverage!$B5 -> 2.7336184 | D5: =+qxLog!D5-qxLogAverage!$B5 -> 2.5878902 | E5: =+qxLog!E5-qxLogAverage!$B5 -> 2.655507 | F5: =+qxLog!F5-qxLogAverage!$B5 -> 2.4506364 | G5: =+qxLog!G5-qxLogAverage!$B5 -> 2.6266598 | H5: =+qxLog!H5-qxLogAverage!$B5 -> 2.7886111 | I5: =+qxLog!I5-qxLogAverage!$B5 -> 2.6365654 | ... DI5: =+qxLog!DI5-qxLogAverage!$B5 -> -2.4718802
A6: 4 | B6: =+qxLog!B6-qxLogAverage!$B6 -> 2.5842562 | C6: =+qxLog!C6-qxLogAverage!$B6 -> 2.5869266 | D6: =+qxLog!D6-qxLogAverage!$B6 -> 2.4693325 | E6: =+qxLog!E6-qxLogAverage!$B6 -> 2.4640189 | F6: =+qxLog!F6-qxLogAverage!$B6 -> 2.3654263 | G6: =+qxLog!G6-qxLogAverage!$B6 -> 2.4739215 | H6: =+qxLog!H6-qxLogAverage!$B6 -> 2.6648815 | I6: =+qxLog!I6-qxLogAverage!$B6 -> 2.5332396 | ... DI6: =+qxLog!DI6-qxLogAverage!$B6 -> -2.5667206
A7: 5 | B7: =+qxLog!B7-qxLogAverage!$B7 -> 2.4092796 | C7: =+qxLog!C7-qxLogAverage!$B7 -> 2.4162954 | D7: =+qxLog!D7-qxLogAverage!$B7 -> 2.2782409 | E7: =+qxLog!E7-qxLogAverage!$B7 -> 2.3750633 | F7: =+qxLog!F7-qxLogAverage!$B7 -> 2.186462 | G7: =+qxLog!G7-qxLogAverage!$B7 -> 2.3330432 | H7: =+qxLog!H7-qxLogAverage!$B7 -> 2.5224453 | I7: =+qxLog!I7-qxLogAverage!$B7 -> 2.4403436 | ... DI7: =+qxLog!DI7-qxLogAverage!$B7 -> -2.3461375
A8: 6 | B8: =+qxLog!B8-qxLogAverage!$B8 -> 2.2665687 | C8: =+qxLog!C8-qxLogAverage!$B8 -> 2.3041188 | D8: =+qxLog!D8-qxLogAverage!$B8 -> 2.1374998 | E8: =+qxLog!E8-qxLogAverage!$B8 -> 2.1513499 | F8: =+qxLog!F8-qxLogAverage!$B8 -> 2.0996652 | G8: =+qxLog!G8-qxLogAverage!$B8 -> 2.155986 | H8: =+qxLog!H8-qxLogAverage!$B8 -> 2.3493472 | I8: =+qxLog!I8-qxLogAverage!$B8 -> 2.2769503 | ... DI8: =+qxLog!DI8-qxLogAverage!$B8 -> -2.3615563
A9: 7 | B9: =+qxLog!B9-qxLogAverage!$B9 -> 2.1219446 | C9: =+qxLog!C9-qxLogAverage!$B9 -> 2.2002629 | D9: =+qxLog!D9-qxLogAverage!$B9 -> 2.0345738 | E9: =+qxLog!E9-qxLogAverage!$B9 -> 2.0268759 | F9: =+qxLog!F9-qxLogAverage!$B9 -> 1.9937319 | G9: =+qxLog!G9-qxLogAverage!$B9 -> 2.1022078 | H9: =+qxLog!H9-qxLogAverage!$B9 -> 2.1904689 | I9: =+qxLog!I9-qxLogAverage!$B9 -> 2.2171749 | ... DI9: =+qxLog!DI9-qxLogAverage!$B9 -> -2.2587654
A10: 8 | B10: =+qxLog!B10-qxLogAverage!$B10 -> 2.0226414 | C10: =+qxLog!C10-qxLogAverage!$B10 -> 2.0226414 | D10: =+qxLog!D10-qxLogAverage!$B10 -> 1.9236611 | E10: =+qxLog!E10-qxLogAverage!$B10 -> 1.9590758 | F10: =+qxLog!F10-qxLogAverage!$B10 -> 1.8354767 | G10: =+qxLog!G10-qxLogAverage!$B10 -> 1.9894445 | H10: =+qxLog!H10-qxLogAverage!$B10 -> 2.1458664 | I10: =+qxLog!I10-qxLogAverage!$B10 -> 2.1261951 | ... DI10: =+qxLog!DI10-qxLogAverage!$B10 -> -1.8939047
A11: 9 | B11: =+qxLog!B11-qxLogAverage!$B11 -> 1.9234779 | C11: =+qxLog!C11-qxLogAverage!$B11 -> 1.9625797 | D11: =+qxLog!D11-qxLogAverage!$B11 -> 1.8268376 | E11: =+qxLog!E11-qxLogAverage!$B11 -> 1.8566906 | F11: =+qxLog!F11-qxLogAverage!$B11 -> 1.7456593 | G11: =+qxLog!G11-qxLogAverage!$B11 -> 1.8869614 | H11: =+qxLog!H11-qxLogAverage!$B11 -> 2.0373032 | I11: =+qxLog!I11-qxLogAverage!$B11 -> 2.1039946 | ... DI11: =+qxLog!DI11-qxLogAverage!$B11 -> -2.6029583
A12: 10 | B12: =+qxLog!B12-qxLogAverage!$B12 -> 1.8581022 | C12: =+qxLog!C12-qxLogAverage!$B12 -> 1.955103 | D12: =+qxLog!D12-qxLogAverage!$B12 -> 1.7894719 | E12: =+qxLog!E12-qxLogAverage!$B12 -> 1.8060071 | F12: =+qxLog!F12-qxLogAverage!$B12 -> 1.7491632 | G12: =+qxLog!G12-qxLogAverage!$B12 -> 1.887776 | H12: =+qxLog!H12-qxLogAverage!$B12 -> 1.9709473 | I12: =+qxLog!I12-qxLogAverage!$B12 -> 2.0285087 | ... DI12: =+qxLog!DI12-qxLogAverage!$B12 -> -1.8290866
A13: 11 | B13: =+qxLog!B13-qxLogAverage!$B13 -> 1.7836093 | C13: =+qxLog!C13-qxLogAverage!$B13 -> 1.8563244 | D13: =+qxLog!D13-qxLogAverage!$B13 -> 1.7129654 | E13: =+qxLog!E13-qxLogAverage!$B13 -> 1.7321451 | F13: =+qxLog!F13-qxLogAverage!$B13 -> 1.6842853 | G13: =+qxLog!G13-qxLogAverage!$B13 -> 1.8187131 | H13: =+qxLog!H13-qxLogAverage!$B13 -> 1.8693267 | I13: =+qxLog!I13-qxLogAverage!$B13 -> 1.9025545 | ... DI13: =+qxLog!DI13-qxLogAverage!$B13 -> -2.1921105
... A112: 110 | B112: =+qxLog!B112-qxLogAverage!$B112 -> 0.17936387 | C112: =+qxLog!C112-qxLogAverage!$B112 -> 1.13572 | D112: =+qxLog!D112-qxLogAverage!$B112 -> -0.34723569 | E112: =+qxLog!E112-qxLogAverage!$B112 -> 0.52442548 | F112: =+qxLog!F112-qxLogAverage!$B112 -> 0.11843815 | G112: =+qxLog!G112-qxLogAverage!$B112 -> -0.19462941 | H112: =+qxLog!H112-qxLogAverage!$B112 -> 1.1261944 | I112: =+qxLog!I112-qxLogAverage!$B112 -> 1.4876965 | ... DI112: =+qxLog!DI112-qxLogAverage!$B112 -> -0.77174454

Sheet U.S.Vt
A1: {=+MMULT(MMULT(U!B2:DH112,S!$E$5:$DK$115),Vt!B2:DI112)} -> 1.7799521 | B1: 1.8483448 | C1: 1.6944066 | D1: 1.6932363 | E1: 1.6536156 | F1: 1.7961496 | G1: 1.7807586 | H1: 1.7643456 | I1: 2.0420299 | J1: 1.8614337 | K1: 1.7384303 | L1: 1.7207815 | M1: 1.626671 | N1: 1.587076 | O1: 1.5848757 | P1: 1.5617383 | Q1: 1.6073793 | R1: 1.5681409 | S1: 1.5570102 | T1: 1.5871438 | U1: 1.4575634 | V1: 1.459703 | W1: 1.4597629 | X1: 1.3773565 | Y1: 1.3438172 | Z1: 1.3822368 | AA1: 1.3480992 | AB1: 1.4790919 | AC1: 1.4458517 | AD1: 1.3442395 | AE1: 1.3969367 | AF1: 1.4400268 | AG1: 1.5051951 | AH1: 1.4961766 | AI1: 1.3725549 | AJ1: 1.4103104 | AK1: 1.3446617 | AL1: 1.1829385 | AM1: 1.0343611 | AN1: 1.0063038 | AO1: 0.9001642 | AP1: 0.91000433 | AQ1: 0.88607766 | AR1: 0.80064435 | AS1: 0.72972202 | AT1: 0.66076589 | AU1: 0.62060733 | AV1: 0.65741511 | AW1: 0.60547622 | AX1: 0.56725213 | AY1: 0.51520724 | AZ1: 0.46160404 | BA1: 0.47528805 | BB1: 0.43382807 | BC1: 0.34063817 | BD1: 0.29179434 | BE1: 0.26468395 | BF1: 0.21316171 | BG1: 0.19709422 | BH1: 0.15748905 | BI1: 0.09489161 | BJ1: 0.082226818 | BK1: 0.012933669 | BL1: -0.026336453 | BM1: -0.15164319 | BN1: -0.26292677 | BO1: -0.34546581 | BP1: -0.41756424 | BQ1: -0.47139868 | BR1: -0.56899935 | BS1: -0.62839358 | BT1: -0.64980081 | BU1: -0.72844073 | BV1: -0.81887528 | BW1: -0.88771316 | BX1: -0.9679198 | BY1: -1.0038211 | BZ1: -1.0256483 | CA1: -1.0659658 | CB1: -1.1481123 | CC1: -1.1994056 | CD1: -1.16673 | CE1: -1.1878714 | CF1: -1.3592917 | CG1: -1.4350212 | CH1: -1.4791007 | CI1: -1.4855827 | CJ1: -1.599087 | CK1: -1.6156132 | CL1: -1.6630065 | CM1: -1.786411 | CN1: -1.7640406 | CO1: -1.8108675 | CP1: -1.9799083 | CQ1: -1.9577672 | CR1: -2.02516 | CS1: -2.0606398 | CT1: -2.1031366 | CU1: -2.0935355 | CV1: -2.0652734 | CW1: -2.1434311 | CX1: -2.1746737 | CY1: -2.2089327 | CZ1: -2.2330139 | DA1: -2.288417 | DB1: -2.2503273 | DC1: -2.2679458 | DD1: -2.2478853 | DE1: -2.2569858 | DF1: -2.3875079 | DG1: -2.4012233 | DH1: -2.3528588
A2: 2.9997621 | B2: 3.1345108 | C2: 2.8874283 | D2: 2.9705987 | E2: 2.7946909 | F2: 3.042679 | G2: 3.1190519 | H2: 2.9485666 | I2: 3.537205 | J2: 2.9970378 | K2: 3.0102508 | L2: 2.8768824 | M2: 2.7467071 | N2: 2.7547907 | O2: 2.6121882 | P2: 2.7248324 | Q2: 2.8057246 | R2: 2.6406755 | S2: 2.666831 | T2: 2.6426764 | U2: 2.5242314 | V2: 2.5028618 | W2: 2.5070969 | X2: 2.3425576 | Y2: 2.39667 | Z2: 2.3970913 | AA2: 2.3404795 | AB2: 2.4844794 | AC2: 2.3995034 | AD2: 2.2838402 | AE2: 2.1898342 | AF2: 2.3202471 | AG2: 2.2411794 | AH2: 2.2810058 | AI2: 2.0181179 | AJ2: 2.1293802 | AK2: 2.1869626 | AL2: 1.7564835 | AM2: 1.5039503 | AN2: 1.5073743 | AO2: 1.2460486 | AP2: 1.2258712 | AQ2: 1.1328051 | AR2: 0.90811931 | AS2: 0.69145831 | AT2: 0.54613136 | AU2: 0.47309539 | AV2: 0.5348054 | AW2: 0.50693925 | AX2: 0.36666593 | AY2: 0.29069691 | AZ2: 0.12517324 | BA2: 0.12107991 | BB2: 0.00093559645 | BC2: -0.13458006 | BD2: -0.2312683 | BE2: -0.31140825 | BF2: -0.42132095 | BG2: -0.45285725 | BH2: -0.49752969 | BI2: -0.59111547 | BJ2: -0.77009812 | BK2: -0.84842009 | BL2: -0.98825413 | BM2: -1.1135278 | BN2: -1.2195151 | BO2: -1.2535248 | BP2: -1.3022609 | BQ2: -1.3217457 | BR2: -1.3740142 | BS2: -1.3475385 | BT2: -1.4632453 | BU2: -1.5745494 | BV2: -1.5040673 | BW2: -1.8199202 | BX2: -1.7734002 | BY2: -1.8667124 | BZ2: -1.6947571 | CA2: -1.8567818 | CB2: -2.0335851 | CC2: -2.010274 | CD2: -1.8767426 | CE2: -1.8747285 | CF2: -1.9053744 | CG2: -2.0696034 | CH2: -1.9785253 | CI2: -2.0312293 | CJ2: -2.0430638 | CK2: -2.3963432 | CL2: -2.3499772 | CM2: -2.3532187 | CN2: -2.3929591 | CO2: -2.3963432 | CP2: -2.5618576 | CQ2: -2.5303589 | CR2: -2.7220263 | CS2: -2.6152584 | CT2: -2.6716725 | CU2: -2.8001148 | CV2: -2.6495965 | CW2: -2.7220263 | CX2: -2.810319 | CY2: -2.7034212 | CZ2: -2.7750508 | DA2: -3.0398934 | DB2: -2.8154604 | DC2: -2.941655 | DD2: -2.7800136 | DE2: -2.7409843 | DF2: -3.0019141 | DG2: -3.0928859 | DH2: -2.977373
A3: 2.9362803 | B3: 2.9183226 | C3: 2.7967702 | D3: 2.811221 | E3: 2.6442693 | F3: 2.8408243 | G3: 2.9929728 | H3: 2.7929525 | I3: 3.5996749 | J3: 2.9305968 | K3: 2.8927245 | L3: 2.6966627 | M3: 2.6211477 | N3: 2.5273125 | O3: 2.3636632 | P3: 2.4924902 | Q3: 2.5462883 | R3: 2.3695218 | S3: 2.3607799 | T3: 2.3217854 | U3: 2.1739461 | V3: 2.0988104 | W3: 2.0864051 | X3: 2.0159879 | Y3: 1.9570516 | Z3: 1.9395159 | AA3: 1.9331198 | AB3: 1.9884087 | AC3: 2.2107652 | AD3: 1.7840923 | AE3: 1.6751471 | AF3: 1.8121233 | AG3: 1.7836726 | AH3: 1.8752647 | AI3: 1.6830698 | AJ3: 1.6858511 | AK3: 1.8108985 | AL3: 1.4554775 | AM3: 1.2084833 | AN3: 1.1433602 | AO3: 0.86037869 | AP3: 0.77780085 | AQ3: 0.75487138 | AR3: 0.64086132 | AS3: 0.44040997 | AT3: 0.39222276 | AU3: 0.32593869 | AV3: 0.33759279 | AW3: 0.30267653 | AX3: 0.24521947 | AY3: 0.13310217 | AZ3: 0.024029044 | BA3: 0.078609613 | BB3: -0.061210068 | BC3: -0.17501696 | BD3: -0.21913057 | BE3: -0.36811061 | BF3: -0.38632605 | BG3: -0.42665031 | BH3: -0.4095721 | BI3: -0.50733118 | BJ3: -0.5304172 | BK3: -0.67892214 | BL3: -0.7610195 | BM3: -0.96332552 | BN3: -0.96989369 | BO3: -1.0487016 | BP3: -1.1440118 | BQ3: -1.1518858 | BR3: -1.1984058 | BS3: -1.0813132 | BT3: -1.3076847 | BU3: -1.3263333 | BV3: -1.2278197 | BW3: -1.4277799 | BX3: -1.4757891 | BY3: -1.5945973 | BZ3: -1.6354193 | CA3: -1.5553766 | CB3: -1.5884623 | CC3: -1.7436329 | CD3: -1.6195207 | CE3: -1.540692 | CF3: -1.3310503 | CG3: -1.5063047 | CH3: -1.6038709 | CI3: -1.8609696 | CJ3: -1.6948427 | CK3: -2.0313149 | CL3: -2.2604287 | CM3: -2.1419805 | CN3: -1.9802598 | CO3: -2.0360882 | CP3: -2.3349974 | CQ3: -2.3158274 | CR3: -2.4155778 | CS3: -2.4956206 | CT3: -2.3677872 | CU3: -2.2193672 | CV3: -2.4657676 | CW3: -2.5186101 | CX3: -2.5581409 | CY3: -2.4584416 | CZ3: -2.3611426 | DA3: -2.4956206 | DB3: -2.599299 | DC3: -2.9839733 | DD3: -2.4584416 | DE3: -2.5032252 | DF3: -2.7055936 | DG3: -2.6962912 | DH3: -2.5662381
A4: 2.7169012 | B4: 2.7336184 | C4: 2.5878902 | D4: 2.655507 | E4: 2.4506364 | F4: 2.6266598 | G4: 2.7886111 | H4: 2.6365654 | I4: 3.5475061 | J4: 2.7426419 | K4: 2.699468 | L4: 2.4370112 | M4: 2.4460357 | N4: 2.3520762 | O4: 2.3256157 | P4: 2.2881547 | Q4: 2.2640321 | R4: 2.1498905 | S4: 2.1192792 | T4: 2.0644524 | U4: 1.9573826 | V4: 1.9186698 | W4: 1.8544096 | X4: 1.8598538 | Y4: 1.7773911 | Z4: 1.7482667 | AA4: 1.7195845 | AB4: 1.7593867 | AC4: 1.4085624 | AD4: 1.5598563 | AE4: 1.5140799 | AF4: 1.5980751 | AG4: 1.5364406 | AH4: 1.664503 | AI4: 1.5320876 | AJ4: 1.4760134 | AK4: 1.5241242 | AL4: 1.2590379 | AM4: 1.0113645 | AN4: 0.99011226 | AO4: 0.71294411 | AP4: 0.64260079 | AQ4: 0.59718332 | AR4: 0.49238381 | AS4: 0.4136489 | AT4: 0.33935421 | AU4: 0.261216 | AV4: 0.37467088 | AW4: 0.24410938 | AX4: 0.24626378 | AY4: 0.12839107 | AZ4: 0.059052241 | BA4: 0.0093966501 | BB4: -0.022938731 | BC4: -0.15312228 | BD4: -0.18573386 | BE4: -0.34598044 | BF4: -0.35379297 | BG4: -0.30531409 | BH4: -0.41025959 | BI4: -0.43405357 | BJ4: -0.52441849 | BK4: -0.60847441 | BL4: -0.58185054 | BM4: -0.79722468 | BN4: -0.81365216 | BO4: -0.89111021 | BP4: -0.91832278 | BQ4: -0.92524322 | BR4: -1.0587746 | BS4: -0.92524322 | BT4: -1.0855859 | BU4: -1.2006552 | BV4: -1.0965149 | BW4: -1.2037086 | BX4: -1.2538759 | BY4: -1.4883373 | BZ4: -1.4101725 | CA4: -1.4026818 | CB4: -1.5775684 | CC4: -1.5555895 | CD4: -1.4602793 | CE4: -1.5088719 | CF4: -1.0965149 | CG4: -1.2932252 | CH4: -1.4602793 | CI4: -1.6706588 | CJ4: -1.3482219 | CK4: -1.6657926 | CL4: -1.9310738 | CM4: -2.0591949 | CN4: -1.8877233 | CO4: -1.8175191 | CP4: -1.9964565 | CQ4: -2.1733872 | CR4: -1.976389 | CS4: -2.266281 | CT4: -2.2229842 | CU4: -1.9502437 | CV4: -2.5050324 | CW4: -2.1338564 | CX4: -2.2841386 | CY4: -2.5510176 | CZ4: -2.3884986 | DA4: -2.2061771 | DB4: -2.398549 | DC4: -2.4938591 | DD4: -2.4397919 | DE4: -2.5393215 | DF4: -2.3785483 | DG4: -2.7170027 | DH4: -2.4718802
A5: 2.5842562 | B5: 2.5869266 | C5: 2.4693325 | D5: 2.4640189 | E5: 2.3654263 | F5: 2.4739215 | G5: 2.6648815 | H5: 2.5332396 | I5: 3.5202289 | J5: 2.711551 | K5: 2.5845235 | L5: 2.3005771 | M5: 2.2308484 | N5: 2.2437111 | O5: 2.2194883 | P5: 2.2394419 | Q5: 2.1429482 | R5: 1.9821234 | S5: 1.981635 | T5: 1.9289781 | U5: 1.8478477 | V5: 1.7726795 | W5: 1.7241602 | X5: 1.6892194 | Y5: 1.6484792 | Z5: 1.659102 | AA5: 1.5413751 | AB5: 1.6427825 | AC5: 1.2665921 | AD5: 1.4578066 | AE5: 1.3977489 | AF5: 1.513421 | AG5: 1.5108168 | AH5: 1.5702904 | AI5: 1.5058502 | AJ5: 1.3848189 | AK5: 1.4102255 | AL5: 1.1298217 | AM5: 0.93582926 | AN5: 0.91048769 | AO5: 0.63852427 | AP5: 0.60231835 | AQ5: 0.58667266 | AR5: 0.50311963 | AS5: 0.36385757 | AT5: 0.35644097 | AU5: 0.2537421 | AV5: 0.32961623 | AW5: 0.21257633 | AX5: 0.13102022 | AY5: 0.13309061 | AZ5: -0.0029553876 | BA5: -0.0029553876 | BB5: 0.060175152 | BC5: -0.04902414 | BD5: -0.18432953 | BE5: -0.24735404 | BF5: -0.28905893 | BG5: -0.26721719 | BH5: -0.33753368 | BI5: -0.40074858 | BJ5: -0.39371867 | BK5: -0.4476886 | BL5: -0.53251786 | BM5: -0.72008453 | BN5: -0.63631465 | BO5: -0.74465579 | BP5: -0.8889054 | BQ5: -0.87463983 | BR5: -0.97278689 | BS5: -0.91510777 | BT5: -1.1170904 | BU5: -1.1279798 | BV5: -1.0575281 | BW5: -1.0992008 | BX5: -1.1353058 | BY5: -1.3798157 | BZ5: -1.1881483 | CA5: -1.3845216 | CB5: -1.4229879 | CC5: -1.3474803 | CD5: -1.4279019 | CE5: -1.5153612 | CF5: -1.3161579 | CG5: -1.2563109 | CH5: -1.6412415 | CI5: -1.3520362 | CJ5: -1.4579042 | CK5: -1.8138542 | CL5: -1.8432681 | CM5: -1.8138542 | CN5: -1.6473577 | CO5: -1.7371616 | CP5: -1.8432681 | CQ5: -1.9619844 | CR5: -1.9789339 | CS5: -1.7438956 | CT5: -2.1561404 | CU5: -2.2751998 | CV5: -2.068279 | CW5: -2.0871475 | CX5: -2.1978131 | CY5: -2.2193193 | CZ5: -2.3222673 | DA5: -2.2302484 | DB5: -2.2524715 | DC5: -2.630234 | DD5: -2.2984566 | DE5: -2.2751998 | DF5: -2.3973025 | DG5: -2.4236198 | DH5: -2.5667206
A6: 2.4092796 | B6: 2.4162954 | C6: 2.2782409 | D6: 2.3750633 | E6: 2.186462 | F6: 2.3330432 | G6: 2.5224453 | H6: 2.4403436 | I6: 3.4117122 | J6: 2.57052 | K6: 2.4676469 | L6: 2.1268856 | M6: 2.0679455 | N6: 2.0152225 | O6: 2.1023789 | P6: 2.1251549 | Q6: 2.0514865 | R6: 1.8829057 | S6: 1.8487834 | T6: 1.8041863 | U6: 1.7182163 | V6: 1.6548394 | W6: 1.6473258 | X6: 1.6329776 | Y6: 1.5698171 | Z6: 1.5995547 | AA6: 1.5196829 | AB6: 1.5142732 | AC6: 1.4755629 | AD6: 1.3832002 | AE6: 1.2890534 | AF6: 1.4015824 | AG6: 1.4554617 | AH6: 1.5995547 | AI6: 1.5069072 | AJ6: 1.3893653 | AK6: 1.3111887 | AL6: 1.0912652 | AM6: 0.91428732 | AN6: 0.8306529 | AO6: 0.60545287 | AP6: 0.53578111 | AQ6: 0.53832456 | AR6: 0.45262093 | AS6: 0.28966778 | AT6: 0.34664522 | AU6: 0.23270096 | AV6: 0.26437782 | AW6: 0.26660251 | AX6: 0.23843163 | AY6: 0.076248782 | AZ6: 0.10408358 | BA6: -0.0020034147 | BB6: 0.003793703 | BC6: -0.13387506 | BD6: -0.15059785 | BE6: -0.15566972 | BF6: -0.27049104 | BG6: -0.23317328 | BH6: -0.23134345 | BI6: -0.29356899 | BJ6: -0.34342976 | BK6: -0.45585906 | BL6: -0.35784814 | BM6: -0.60620311 | BN6: -0.63863838 | BO6: -0.65525927 | BP6: -0.77689048 | BQ6: -0.85561964 | BR6: -0.81548048 | BS6: -0.73367388 | BT6: -0.92632046 | BU6: -0.95606243 | BV6: -1.0804711 | BW6: -1.1982542 | BX6: -1.2275246 | BY6: -1.2835188 | BZ6: -1.2127823 | CA6: -1.1467205 | CB6: -1.3317856 | CC6: -1.2424874 | CD6: -1.0719604 | CE6: -1.2627927 | CF6: -1.1698162 | CG6: -1.2374749 | CH6: -1.1286205 | CI6: -1.2940452 | CJ6: -1.3710063 | CK6: -1.8353119 | CL6: -1.5941498 | CM6: -1.6995103 | CN6: -1.7155107 | CO6: -1.6995103 | CP6: -1.9206717 | CQ6: -2.0359826 | CR6: -1.8444444 | CS6: -2.0471559 | CT6: -2.1663444 | CU6: -2.1663444 | CV6: -2.1413431 | CW6: -2.1049755 | CX6: -1.9508248 | CY6: -2.081445 | CZ6: -2.361405 | DA6: -2.2731124 | DB6: -2.3926575 | DC6: -2.3461375 | DD6: -2.2050589 | DE6: -2.0031928 | DF6: -2.7516026 | DG6: -2.361405 | DH6: -2.3461375
A7: 2.2665687 | B7: 2.3041188 | C7: 2.1374998 | D7: 2.1513499 | E7: 2.0996652 | F7: 2.155986 | G7: 2.3493472 | H7: 2.2769503 | I7: 3.351449 | J7: 2.4520051 | K7: 2.3171163 | L7: 2.0587127 | M7: 1.8984942 | N7: 1.8433892 | O7: 1.8388265 | P7: 1.9984067 | Q7: 1.9326111 | R7: 1.8484347 | S7: 1.7208529 | T7: 1.6977171 | U7: 1.606815 | V7: 1.5402451 | W7: 1.5409298 | X7: 1.4932684 | Y7: 1.4488656 | Z7: 1.451863 | AA7: 1.3765168 | AB7: 1.4199332 | AC7: 1.4071051 | AD7: 1.3395364 | AE7: 1.2186615 | AF7: 1.2950275 | AG7: 1.3622976 | AH7: 1.6029627 | AI7: 1.5152785 | AJ7: 1.3757097 | AK7: 1.2125018 | AL7: 1.0480799 | AM7: 0.82912926 | AN7: 0.76654142 | AO7: 0.52409623 | AP7: 0.46163691 | AQ7: 0.42992069 | AR7: 0.41736823 | AS7: 0.25794049 | AT7: 0.28593989 | AU7: 0.24551797 | AV7: 0.20469598 | AW7: 0.23040433 | AX7: 0.11341413 | AY7: 0.097597841 | AZ7: 0.071164584 | BA7: 0.0239357 | BB7: 0.0050375002 | BC7: -0.08820804 | BD7: -0.16999747 | BE7: -0.23858458 | BF7: -0.24468837 | BG7: -0.29490812 | BH7: -0.32320163 | BI7: -0.31879634 | BJ7: -0.3387748 | BK7: -0.34101947 | BL7: -0.39408844 | BM7: -0.5391964 | BN7: -0.42782658 | BO7: -0.59265498 | BP7: -0.56979684 | BQ7: -0.6219826 | BR7: -0.88613417 | BS7: -0.60428302 | BT7: -0.88226569 | BU7: -0.79364686 | BV7: -0.94192553 | BW7: -1.0274477 | BX7: -1.0731177 | BY7: -1.0919862 | BZ7: -1.1160838 | CA7: -1.2800385 | CB7: -1.2915993 | CC7: -1.4486612 | CD7: -1.1712356 | CE7: -1.3514974 | CF7: -0.95845483 | CG7: -1.1712356 | CH7: -1.0364164 | CI7: -1.4086558 | CJ7: -1.1815984 | CK7: -1.5046198 | CL7: -1.5046198 | CM7: -1.5191128 | CN7: -1.6941616 | CO7: -1.4486612 | CP7: -1.7662649 | CQ7: -1.8852169 | CR7: -1.8852169 | CS7: -1.7756547 | CT7: -1.8439739 | CU7: -1.9847465 | CV7: -2.0446446 | CW7: -2.0202531 | CX7: -2.0823849 | CY7: -2.2049873 | CZ7: -2.3282199 | DA7: -1.9617569 | DB7: -2.3119594 | DC7: -1.9847465 | DD7: -1.9064943 | DE7: -2.3119594 | DF7: -2.2195861 | DG7: -2.1486343 | DH7: -2.3615563
A8: 2.1219446 | B8: 2.2002629 | C8: 2.0345738 | D8: 2.0268759 | E8: 1.9937319 | F8: 2.1022078 | G8: 2.1904689 | H8: 2.2171749 | I8: 3.2717074 | J8: 2.3668952 | K8: 2.2390931 | L8: 2.0066289 | M8: 1.8211481 | N8: 1.6985328 | O8: 1.7858236 | P8: 1.8202577 | Q8: 1.8175819 | R8: 1.7514345 | S8: 1.717138 | T8: 1.6146262 | U8: 1.5222294 | V8: 1.5246265 | W8: 1.4884657 | X8: 1.4487981 | Y8: 1.4414531 | Z8: 1.4392824 | AA8: 1.3549934 | AB8: 1.4168688 | AC8: 1.3526266 | AD8: 1.2608646 | AE8: 1.2020241 | AF8: 1.3435811 | AG8: 1.3320369 | AH8: 1.5683493 | AI8: 1.5733026 | AJ8: 1.4457802 | AK8: 1.2477925 | AL8: 1.0357711 | AM8: 0.84259053 | AN8: 0.72815627 | AO8: 0.55464534 | AP8: 0.49164949 | AQ8: 0.39645141 | AR8: 0.45859804 | AS8: 0.27186352 | AT8: 0.28985709 | AU8: 0.30618398 | AV8: 0.31825656 | AW8: 0.24065531 | AX8: 0.069795201 | AY8: 0.064653801 | AZ8: -0.0083973677 | BA8: 0.031462982 | BB8: 0.096778288 | BC8: -0.023295222 | BD8: -0.06936863 | BE8: -0.24972748 | BF8: -0.23570856 | BG8: -0.31788037 | BH8: -0.38023823 | BI8: -0.21731723 | BJ8: -0.27836905 | BK8: -0.3103521 | BL8: -0.41849426 | BM8: -0.38023823 | BN8: -0.59138963 | BO8: -0.5057589 | BP8: -0.46993417 | BQ8: -0.63885617 | BR8: -0.78035573 | BS8: -0.51799146 | BT8: -0.80055844 | BU8: -0.87686663 | BV8: -0.90365395 | BW8: -0.91274492 | BX8: -1.0135496 | BY8: -1.023702 | BZ8: -1.1144308 | CA8: -1.070708 | CB8: -1.2019502 | CC8: -1.1898289 | CD8: -1.2329124 | CE8: -1.1898289 | CF8: -1.0923305 | CG8: -1.0814608 | CH8: -1.1144308 | CI8: -1.070708 | CJ8: -1.2019502 | CK8: -1.4342822 | CL8: -1.6013363 | CM8: -1.6289878 | CN8: -1.7585219 | CO8: -1.4497864 | CP8: -1.5656182 | CQ8: -1.8709998 | CR8: -1.7168492 | CS8: -1.9073675 | CT8: -1.7585219 | CU8: -2.0823089 | CV8: -1.6289878 | CW8: -1.8950974 | CX8: -1.9977516 | CY8: -2.0533214 | CZ8: -1.7800281 | DA8: -2.276465 | DB8: -2.3128326 | DC8: -2.2074721 | DD8: -2.0251505 | DE8: -2.2944835 | DF8: -2.4951542 | DG8: -2.4731753 | DH8: -2.2587654
A9: 2.0226414 | B9: 2.0226414 | C9: 1.9236611 | D9: 1.9590758 | E9: 1.8354767 | F9: 1.9894445 | G9: 2.1458664 | H9: 2.1261951 | I9: 3.3076815 | J9: 2.3067999 | K9: 2.1988831 | L9: 1.8669853 | M9: 1.7815517 | N9: 1.6644864 | O9: 1.638321 | P9: 1.6791897 | Q9: 1.6896143 | R9: 1.6285266 | S9: 1.6580089 | T9: 1.6285266 | U9: 1.5183425 | V9: 1.4701676 | W9: 1.4627601 | X9: 1.4277684 | Y9: 1.3424181 | Z9: 1.365217 | AA9: 1.3355813 | AB9: 1.4029193 | AC9: 1.2639464 | AD9: 1.206788 | AE9: 1.2079878 | AF9: 1.2796948 | AG9: 1.3028619 | AH9: 1.646088 | AI9: 1.6289202 | AJ9: 1.4798073 | AK9: 1.2085871 | AL9: 1.043492 | AM9: 0.7565164 | AN9: 0.67819851 | AO9: 0.47571581 | AP9: 0.45301622 | AQ9: 0.41001285 | AR9: 0.33251905 | AS9: 0.25630593 | AT9: 0.22315372 | AU9: 0.21832668 | AV9: 0.27171455 | AW9: 0.21022947 | AX9: 0.18886464 | AY9: 0.067128624 | AZ9: -0.077994757 | BA9: 0.034713965 | BB9: 0.015143869 | BC9: -0.10436991 | BD9: -0.14993588 | BE9: -0.20257962 | BF9: -0.23504189 | BG9: -0.20012563 | BH9: -0.23504189 | BI9: -0.31423893 | BJ9: -0.26859343 | BK9: -0.26597219 | BL9: -0.34209589 | BM9: -0.43684125 | BN9: -0.40325031 | BO9: -0.36206802 | BP9: -0.53122019 | BQ9: -0.57303813 | BR9: -0.5946217 | BS9: -0.55890362 | BT9: -0.88351663 | BU9: -0.7952924 | BV9: -0.86428527 | BW9: -0.8132301 | BX9: -0.85953467 | BY9: -1.0352431 | BZ9: -0.95389743 | CA9: -1.2769189 | CB9: -1.1424886 | CC9: -1.1744402 | CD9: -0.94870261 | CE9: -1.0128958 | CF9: -0.99645704 | CG9: -1.2141805 | CH9: -1.093399 | CI9: -1.1176426 | CJ9: -1.3515804 | CK9: -1.4407082 | CL9: -1.8169436 | CM9: -1.2697504 | CN9: -1.6062226 | CO9: -1.306118 | CP9: -1.7227564 | CQ9: -1.7115831 | CR9: -1.9073277 | CS9: -1.854684 | CT9: -1.5962723 | CU9: -1.9073277 | CV9: -1.9772863 | CW9: -2.1860411 | CX9: -1.7570455 | CY9: -2.0682581 | CZ9: -2.1860411 | DA9: -2.1170482 | DB9: -2.0682581 | DC9: -1.7925522 | DD9: -2.1509498 | DE9: -2.0682581 | DF9: -2.2411009 | DG9: -2.2224088 | DH9: -1.8939047
A10: 1.9234779 | B10: 1.9625797 | C10: 1.8268376 | D10: 1.8566906 | E10: 1.7456593 | F10: 1.8869614 | G10: 2.0373032 | H10: 2.1039946 | I10: 3.1938808 | J10: 2.2193949 | K10: 2.1221514 | L10: 1.9274884 | M10: 1.7118596 | N10: 1.7386183 | O10: 1.6148674 | P10: 1.5810529 | Q10: 1.5149168 | R10: 1.5492059 | S10: 1.6352805 | T10: 1.5478566 | U10: 1.5032208 | V10: 1.3684112 | W10: 1.407487 | X10: 1.3996886 | Y10: 1.3608436 | Z10: 1.3389009 | AA10: 1.2520408 | AB10: 1.3592145 | AC10: 1.1766756 | AD10: 1.2219495 | AE10: 1.1915674 | AF10: 1.2263041 | AG10: 1.3215578 | AH10: 1.6697317 | AI10: 1.67569 | AJ10: 1.4880474 | AK10: 1.2508301 | AL10: 1.0715325 | AM10: 0.82641 | AN10: 0.71174709 | AO10: 0.43610714 | AP10: 0.39989148 | AQ10: 0.37548252 | AR10: 0.36378648 | AS10: 0.228573 | AT10: 0.15885836 | AU10: 0.2167185 | AV10: 0.28104405 | AW10: 0.070204681 | AX10: 0.14614248 | AY10: -0.060232041 | AZ10: -0.0098380269 | BA10: 0.0071115314 | BB10: 0.015479781 | BC10: -0.12282489 | BD10: -0.07380691 | BE10: -0.16684178 | BF10: -0.26390349 | BG10: -0.1204354 | BH10: -0.21288571 | BI10: -0.30610384 | BJ10: -0.38375478 | BK10: -0.32936071 | BL10: -0.28618853 | BM10: -0.41210313 | BN10: -0.48155252 | BO10: -0.5785765 | BP10: -0.47813371 | BQ10: -0.55250426 | BR10: -0.58615229 | BS10: -0.39940455 | BT10: -0.62491683 | BU10: -0.74666027 | BV10: -0.80172005 | BW10: -0.91128225 | BX10: -0.88019166 | BY10: -1.0284076 | BZ10: -1.0403125 | CA10: -1.0284076 | CB10: -1.07071 | CC10: -0.95980929 | CD10: -1.2984939 | CE10: -1.161094 | CF10: -0.9379505 | CG10: -0.96534947 | CH10: -1.3876217 | CI10: -1.1410265 | CJ10: -1.3141192 | CK10: -1.1148812 | CL10: -1.5139154 | CM10: -1.3542853 | CN10: -1.4398075 | CO10: -1.346122 | CP10: -1.6923982 | CQ10: -1.7394657 | CR10: -1.5835953 | CS10: -1.7274895 | CT10: -1.9098111 | CU10: -1.9241998 | CV10: -1.6150115 | CW10: -1.9536137 | CX10: -1.703959 | CY10: -2.0311719 | CZ10: -1.8145009 | DA10: -2.0311719 | DB10: -1.9536137 | DC10: -1.827573 | DD10: -1.7888585 | DE10: -2.0311719 | DF10: -2.0474325 | DG10: -2.3516438 | DH10: -2.6029583
A11: 1.8581022 | B11: 1.955103 | C11: 1.7894719 | D11: 1.8060071 | E11: 1.7491632 | F11: 1.887776 | G11: 1.9709473 | H11: 2.0285087 | I11: 3.236071 | J11: 2.1528658 | K11: 2.0775163 | L11: 1.8431002 | M11: 1.7335706 | N11: 1.617463 | O11: 1.6563029 | P11: 1.6243271 | Q11: 1.5725611 | R11: 1.5098519 | S11: 1.4677508 | T11: 1.5011855 | U11: 1.4148773 | V11: 1.4561841 | W11: 1.3668248 | X11: 1.325611 | Y11: 1.2868282 | Z11: 1.2916101 | AA11: 1.2686899 | AB11: 1.3233028 | AC11: 1.2874272 | AD11: 1.2237665 | AE11: 1.2135035 | AF11: 1.1867132 | AG11: 1.2868282 | AH11: 1.7185095 | AI11: 1.6776064 | AJ11: 1.5136797 | AK11: 1.2231282 | AL11: 1.04996 | AM11: 0.8413272 | AN11: 0.71697446 | AO11: 0.45714934 | AP11: 0.42362665 | AQ11: 0.35453231 | AR11: 0.34073899 | AS11: 0.26210989 | AT11: 0.15841743 | AU11: 0.19120725 | AV11: 0.31731871 | AW11: 0.06329242 | AX11: 0.073424219 | AY11: 0.061253683 | AZ11: 0.00024633484 | BA11: -0.048652295 | BB11: -0.01505451 | BC11: -0.069366499 | BD11: -0.15426594 | BE11: -0.32801674 | BF11: -0.16188987 | BG11: -0.20090652 | BH11: -0.24704768 | BI11: -0.32201072 | BJ11: -0.34319154 | BK11: -0.3401381 | BL11: -0.25261872 | BM11: -0.54216473 | BN11: -0.4983621 | BO11: -0.4529791 | BP11: -0.56099768 | BQ11: -0.51275084 | BR11: -0.58407562 | BS11: -0.59581744 | BT11: -0.79561363 | BU11: -0.87565634 | BV11: -0.75325435 | BW11: -0.84994798 | BX11: -0.76717569 | BY11: -0.83483434 | BZ11: -0.88087828 | CA11: -1.1633384 | CB11: -1.1427191 | CC11: -1.1027138 | CD11: -1.1843918 | CE11: -0.97986011 | CF11: -1.0091877 | CG11: -1.0455554 | CH11: -1.0705567 | CI11: -1.2131708 | CJ11: -1.3291307 | CK11: -1.2353119 | CL11: -1.4984227 | CM11: -1.6113631 | CN11: -1.4887608 | CO11: -1.3291307 | CP11: -1.6788044 | CQ11: -1.8156636 | CR11: -1.6558149 | CS11: -1.990017 | CT11: -1.4984227 | CU11: -1.7264325 | CV11: -1.8290866 | CW11: -1.8990452 | CX11: -1.8156636 | CY11: -1.8156636 | CZ11: -1.9284591 | DA11: -2.3264892 | DB11: -2.181908 | DC11: -1.5688035 | DD11: -1.6222922 | DE11: -1.990017 | DF11: -1.8290866 | DG11: -2.0222778 | DH11: -1.8290866
A12: 1.7836093 | B12: 1.8563244 | C12: 1.7129654 | D12: 1.7321451 | E12: 1.6842853 | F12: 1.8187131 | G12: 1.8693267 | H12: 1.9025545 | I12: 3.069084 | J12: 2.0310669 | K12: 1.9408999 | L12: 1.7642974 | M12: 1.6111273 | N12: 1.5815342 | O12: 1.5855016 | P12: 1.5601048 | Q12: 1.5331194 | R12: 1.4094079 | S12: 1.3665288 | T12: 1.4255415 | U12: 1.331418 | V12: 1.3471752 | W12: 1.4004487 | X12: 1.2938522 | Y12: 1.2962051 | Z12: 1.2688061 | AA12: 1.1758482 | AB12: 1.2784216 | AC12: 1.2418767 | AD12: 1.1678642 | AE12: 1.1448902 | AF12: 1.2306476 | AG12: 1.2742262 | AH12: 1.7121905 | AI12: 1.7051893 | AJ12: 1.5063384 | AK12: 1.1665273 | AL12: 1.0313701 | AM12: 0.79493027 | AN12: 0.67338167 | AO12: 0.48996422 | AP12: 0.41908988 | AQ12: 0.29918595 | AR12: 0.22311624 | AS12: 0.22311624 | AT12: 0.1683806 | AU12: 0.1104746 | AV12: 0.27826806 | AW12: 0.0072485567 | AX12: 0.073251889 | AY12: -0.027462086 | AZ12: 0.051051179 | BA12: -0.061135301 | BB12: 0.042854412 | BC12: -0.10787278 | BD12: -0.20581801 | BE12: -0.17209237 | BF12: -0.15439279 | BG12: -0.26842348 | BH12: -0.31440859 | BI12: -0.30854347 | BJ12: -0.34123584 | BK12: -0.28828229 | BL12: -0.32327128 | BM12: -0.43292719 | BN12: -0.4873624 | BO12: -0.39078157 | BP12: -0.41650646 | BQ12: -0.53388242 | BR12: -0.43292719 | BS12: -0.41325443 | BT12: -0.79149608 | BU12: -0.7680758 | BV12: -0.74067683 | BW12: -0.80581613 | BX12: -0.87035465 | BY12: -0.80581613 | BZ12: -1.0681804 | CA12: -1.0016907 | CB12: -1.0871084 | CC12: -1.07445 | CD12: -1.0134555 | CE12: -1.0193902 | CF12: -0.85004939 | CG12: -1.2161005 | CH12: -1.0807592 | CI12: -1.0193902 | CJ12: -0.97287022 | CK12: -1.1394079 | CL12: -1.3150405 | CM12: -1.1394079 | CN12: -1.2758198 | CO12: -1.5686432 | CP12: -1.5183814 | CQ12: -1.433824 | CR12: -1.9844711 | CS12: -1.7866454 | CT12: -1.6890069 | CU12: -1.736635 | CV12: -1.4705254 | CW12: -1.5583867 | CX12: -1.8392891 | CY12: -2.1003029 | CZ12: -1.894859 | DA12: -1.8392891 | DB12: -1.8528948 | DC12: -2.0658168 | DD12: -1.6547178 | DE12: -1.8666881 | DF12: -1.9386616 | DG12: -1.9386616 | DH12: -2.1921105
A13: 1.7563202 | B13: 1.8094421 | C13: 1.6783872 | D13: 1.6938679 | E13: 1.6552915 | F13: 1.8344929 | G13: 1.8849558 | H13: 1.9441411 | I13: 3.0884642 | J13: 2.0571155 | K13: 1.964927 | L13: 1.6661359 | M13: 1.5984079 | N13: 1.5101216 | O13: 1.5455079 | P13: 1.5614599 | Q13: 1.4956089 | R13: 1.4430886 | S13: 1.3159334 | T13: 1.3257268 | U13: 1.3529648 | V13: 1.2533249 | W13: 1.35507 | X13: 1.2723511 | Y13: 1.22738 | Z13: 1.2803148 | AA13: 1.1883982 | AB13: 1.2374841 | AC13: 1.1670541 | AD13: 1.0768072 | AE13: 1.0429056 | AF13: 1.0974265 | AG13: 1.2966118 | AH13: 1.6552915 | AI13: 1.6791479 | AJ13: 1.471099 | AK13: 1.147188 | AL13: 1.0247826 | AM13: 0.81652408 | AN13: 0.63636235 | AO13: 0.39470984 | AP13: 0.39745332 | AQ13: 0.32943845 | AR13: 0.23412827 | AS13: 0.16398266 | AT13: 0.19967039 | AU13: 0.17259598 | AV13: 0.18960319 | AW13: 0.10335804 | AX13: 0.08854295 | AY13: -0.015574557 | AZ13: 0.017014885 | BA13: -0.021805107 | BB13: -0.015574557 | BC13: -0.079699085 | BD13: -0.1505859 | BE13: -0.19417633 | BF13: -0.22944447 | BG13: -0.19913912 | BH13: -0.27669736 | BI13: -0.23975384 | BJ13: -0.31226882 | BK13: -0.34338873 | BL13: -0.30671325 | BM13: -0.38445022 | BN13: -0.38744872 | BO13: -0.41793889 | BP13: -0.51201144 | BQ13: -0.59716925 | BR13: -0.57882011 | BS13: -0.47527943 | BT13: -0.76186921 | BU13: -0.69842299 | BV13: -0.68216246 | BW13: -0.90228639 | BX13: -0.77064119 | BY13: -1.101841 | BZ13: -0.90228639 | CA13: -0.87258123 | CB13: -1.0251072 | CC13: -1.0082054 | CD13: -1.0194415 | CE13: -0.85805313 | CF13: -1.0365359 | CG13: -1.1141868 | CH13: -1.0480967 | CI13: -1.0716272 | CJ13: -1.2397642 | CK13: -1.126687 | CL13: -1.126687 | CM13: -1.0716272 | CN13: -1.4080995 | CO13: -1.2051586 | CP13: -1.4951108 | CQ13: -1.8135646 | CR13: -1.3593093 | CS13: -1.7767506 | CT13: -1.6957815 | CU13: -1.7069548 | CV13: -1.5321521 | CW13: -1.6004714 | CX13: -1.6738026 | CY13: -1.6106237 | CZ13: -2.2066072 | DA13: -1.9329113 | DB13: -2.0059365 | DC13: -1.8517858 | DD13: -1.7069548 | DE13: -1.7069548 | DF13: -2.3037709 | DG13: -1.7647744 | DH13: -1.8648579
... A111: 0.17936387 | B111: 1.13572 | C111: -0.34723569 | D111: 0.52442548 | E111: 0.11843815 | F111: -0.19462941 | G111: 1.1261944 | H111: 1.4876965 | I111: -0.53458623 | J111: 1.4876965 | K111: -0.68773336 | L111: 0.43454642 | M111: 0.57713635 | N111: -0.010792089 | O111: 1.4876965 | P111: 0.47753954 | Q111: 0.012216719 | R111: 1.4876965 | S111: -1.584226 | T111: 1.4876965 | U111: 0.57140572 | V111: -0.21705172 | W111: 0.38908417 | X111: -0.52720657 | Y111: 1.4876965 | Z111: 0.10140209 | AA111: 0.79454927 | AB111: -1.1573789 | AC111: 1.4876965 | AD111: -0.81488864 | AE111: -0.23277358 | AF111: -0.12174146 | AG111: 0.79454927 | AH111: 1.4876965 | AI111: 0.47964353 | AJ111: 1.1462532 | AK111: 1.4876965 | AL111: 0.26912483 | AM111: 0.50319736 | AN111: -0.23403428 | AO111: -1.1697628 | AP111: -0.011926379 | AQ111: 1.0956544 | AR111: -0.29063951 | AS111: -0.86177237 | AT111: 0.021359108 | AU111: 0.10140209 | AV111: 0.79454927 | AW111: -0.016381192 | AX111: -0.12174146 | AY111: 1.4876965 | AZ111: 0.10140209 | BA111: -0.45821353 | BB111: -0.59174509 | BC111: 1.4876965 | BD111: 0.79454927 | BE111: -1.1513619 | BF111: -0.91019798 | BG111: -0.12174146 | BH111: -0.12174146 | BI111: 0.79454927 | BJ111: -0.45821353 | BK111: 0.10140209 | BL111: 1.4876965 | BM111: 0.57140572 | BN111: -1.0772539 | BO111: 1.0822313 | BP111: -1.1513619 | BQ111: -0.12174146 | BR111: 0.79454927 | BS111: 0.45926813 | BT111: 0.79454927 | BU111: -0.21705172 | BV111: -0.12174146 | BW111: -0.30406301 | BX111: -0.12174146 | BY111: 0.79454927 | BZ111: -1.3257143 | CA111: -1.0772539 | CB111: -0.45821353 | CC111: -1.603347 | CD111: 0.23493365 | CE111: -1.2848923 | CF111: -0.12174146 | CG111: -1.3455174 | CH111: -0.18627998 | CI111: -0.78098653 | CJ111: 0.10140209 | CK111: 0.38908417 | CL111: -0.35813068 | CM111: -1.253143 | CN111: -1.0512779 | CO111: -0.3912595 | CP111: -0.45367966 | CQ111: -0.89485399 | CR111: 0.06382829 | CS111: -0.74714432 | CT111: -0.17403262 | CU111: -0.19452723 | CV111: -0.48733462 | CW111: -1.1551865 | CX111: -0.057226375 | CY111: -0.23213313 | CZ111: -0.33485011 | DA111: -0.54249662 | DB111: -0.89420966 | DC111: -0.32507319 | DD111: -0.58327043 | DE111: -0.86406313 | DF111: -0.24534704 | DG111: -0.31821468 | DH111: -0.77174454

Sheet SVD Checks -->

Sheet qxLogCentered Check
A1: Age | B1: 1910 | C1: 1911 | D1: 1912 | E1: 1913 | F1: 1914 | G1: 1915 | H1: 1916 | I1: 1917 | J1: 1918 | K1: 1919 | L1: 1920 | M1: 1921 | N1: 1922 | O1: 1923 | P1: 1924 | Q1: 1925 | R1: 1926 | S1: 1927 | T1: 1928 | U1: 1929 | V1: 1930 | W1: 1931 | X1: 1932 | Y1: 1933 | Z1: 1934 | AA1: 1935 | AB1: 1936 | AC1: 1937 | AD1: 1938 | AE1: 1939 | AF1: 1940 | AG1: 1941 | AH1: 1942 | AI1: 1943 | AJ1: 1944 | AK1: 1945 | AL1: 1946 | AM1: 1947 | AN1: 1948 | AO1: 1949 | AP1: 1950 | AQ1: 1951 | AR1: 1952 | AS1: 1953 | AT1: 1954 | AU1: 1955 | AV1: 1956 | AW1: 1957 | AX1: 1958 | AY1: 1959 | AZ1: 1960 | BA1: 1961 | BB1: 1962 | BC1: 1963 | BD1: 1964 | BE1: 1965 | BF1: 1966 | BG1: 1967 | BH1: 1968 | BI1: 1969 | BJ1: 1970 | BK1: 1971 | BL1: 1972 | BM1: 1973 | BN1: 1974 | BO1: 1975 | BP1: 1976 | BQ1: 1977 | BR1: 1978 | BS1: 1979 | BT1: 1980 | BU1: 1981 | BV1: 1982 | BW1: 1983 | BX1: 1984 | BY1: 1985 | BZ1: 1986 | CA1: 1987 | CB1: 1988 | CC1: 1989 | CD1: 1990 | CE1: 1991 | CF1: 1992 | CG1: 1993 | CH1: 1994 | CI1: 1995 | CJ1: 1996 | CK1: 1997 | CL1: 1998 | CM1: 1999 | CN1: 2000 | CO1: 2001 | CP1: 2002 | CQ1: 2003 | CR1: 2004 | CS1: 2005 | CT1: 2006 | CU1: 2007 | CV1: 2008 | CW1: 2009 | CX1: 2010 | CY1: 2011 | CZ1: 2012 | DA1: 2013 | DB1: 2014 | DC1: 2015 | DD1: 2016 | DE1: 2017 | DF1: 2018 | DG1: 2019 | DH1: 2020 | DI1: 2021
A2: 0 | B2: =+qxLogCentered!B2/qxLogCenteredReplica!B2-1 -> -3.663736e-15 | C2: =+qxLogCentered!C2/qxLogCenteredReplica!C2-1 -> -5.3290705e-15 | D2: =+qxLogCentered!D2/qxLogCenteredReplica!D2-1 -> -1.6653345e-15 | E2: =+qxLogCentered!E2/qxLogCenteredReplica!E2-1 -> -2.8865799e-15 | F2: =+qxLogCentered!F2/qxLogCenteredReplica!F2-1 -> -3.1086245e-15 | G2: =+qxLogCentered!G2/qxLogCenteredReplica!G2-1 -> -4.3298698e-15 | H2: =+qxLogCentered!H2/qxLogCenteredReplica!H2-1 -> -3.4416914e-15 | I2: =+qxLogCentered!I2/qxLogCenteredReplica!I2-1 -> -3.2196468e-15 | ... DI2: =+qxLogCentered!DI2/qxLogCenteredReplica!DI2-1 -> 0
A3: 1 | B3: =+qxLogCentered!B3/qxLogCenteredReplica!B3-1 -> -8.8817842e-16 | C3: =+qxLogCentered!C3/qxLogCenteredReplica!C3-1 -> -1.6653345e-15 | D3: =+qxLogCentered!D3/qxLogCenteredReplica!D3-1 -> 0 | E3: =+qxLogCentered!E3/qxLogCenteredReplica!E3-1 -> 0 | F3: =+qxLogCentered!F3/qxLogCenteredReplica!F3-1 -> -1.2212453e-15 | G3: =+qxLogCentered!G3/qxLogCenteredReplica!G3-1 -> 0 | H3: =+qxLogCentered!H3/qxLogCenteredReplica!H3-1 -> -1.6653345e-15 | I3: =+qxLogCentered!I3/qxLogCenteredReplica!I3-1 -> -2.1094237e-15 | ... DI3: =+qxLogCentered!DI3/qxLogCenteredReplica!DI3-1 -> -1.3322676e-15
A4: 2 | B4: =+qxLogCentered!B4/qxLogCenteredReplica!B4-1 -> -2.1094237e-15 | C4: =+qxLogCentered!C4/qxLogCenteredReplica!C4-1 -> 0 | D4: =+qxLogCentered!D4/qxLogCenteredReplica!D4-1 -> 0 | E4: =+qxLogCentered!E4/qxLogCenteredReplica!E4-1 -> -1.7763568e-15 | F4: =+qxLogCentered!F4/qxLogCenteredReplica!F4-1 -> -2.6645353e-15 | G4: =+qxLogCentered!G4/qxLogCenteredReplica!G4-1 -> 0 | H4: =+qxLogCentered!H4/qxLogCenteredReplica!H4-1 -> -9.9920072e-16 | I4: =+qxLogCentered!I4/qxLogCenteredReplica!I4-1 -> 0 | ... DI4: =+qxLogCentered!DI4/qxLogCenteredReplica!DI4-1 -> -3.4416914e-15
A5: 3 | B5: =+qxLogCentered!B5/qxLogCenteredReplica!B5-1 -> -2.3314684e-15 | C5: =+qxLogCentered!C5/qxLogCenteredReplica!C5-1 -> -2.1094237e-15 | D5: =+qxLogCentered!D5/qxLogCenteredReplica!D5-1 -> -8.8817842e-16 | E5: =+qxLogCentered!E5/qxLogCenteredReplica!E5-1 -> -3.2196468e-15 | F5: =+qxLogCentered!F5/qxLogCenteredReplica!F5-1 -> 0 | G5: =+qxLogCentered!G5/qxLogCenteredReplica!G5-1 -> -2.9976022e-15 | H5: =+qxLogCentered!H5/qxLogCenteredReplica!H5-1 -> -1.110223e-15 | I5: =+qxLogCentered!I5/qxLogCenteredReplica!I5-1 -> -1.5543122e-15 | ... DI5: =+qxLogCentered!DI5/qxLogCenteredReplica!DI5-1 -> -1.2212453e-15
A6: 4 | B6: =+qxLogCentered!B6/qxLogCenteredReplica!B6-1 -> 0 | C6: =+qxLogCentered!C6/qxLogCenteredReplica!C6-1 -> -8.8817842e-16 | D6: =+qxLogCentered!D6/qxLogCenteredReplica!D6-1 -> 0 | E6: =+qxLogCentered!E6/qxLogCenteredReplica!E6-1 -> 0 | F6: =+qxLogCentered!F6/qxLogCenteredReplica!F6-1 -> -4.1078252e-15 | G6: =+qxLogCentered!G6/qxLogCenteredReplica!G6-1 -> 0 | H6: =+qxLogCentered!H6/qxLogCenteredReplica!H6-1 -> -2.220446e-15 | I6: =+qxLogCentered!I6/qxLogCenteredReplica!I6-1 -> 0 | ... DI6: =+qxLogCentered!DI6/qxLogCenteredReplica!DI6-1 -> -2.8865799e-15
A7: 5 | B7: =+qxLogCentered!B7/qxLogCenteredReplica!B7-1 -> -1.6653345e-15 | C7: =+qxLogCentered!C7/qxLogCenteredReplica!C7-1 -> -2.8865799e-15 | D7: =+qxLogCentered!D7/qxLogCenteredReplica!D7-1 -> -2.7755576e-15 | E7: =+qxLogCentered!E7/qxLogCenteredReplica!E7-1 -> -8.8817842e-16 | F7: =+qxLogCentered!F7/qxLogCenteredReplica!F7-1 -> -1.9984014e-15 | G7: =+qxLogCentered!G7/qxLogCenteredReplica!G7-1 -> -3.2196468e-15 | H7: =+qxLogCentered!H7/qxLogCenteredReplica!H7-1 -> -2.6645353e-15 | I7: =+qxLogCentered!I7/qxLogCenteredReplica!I7-1 -> 0 | ... DI7: =+qxLogCentered!DI7/qxLogCenteredReplica!DI7-1 -> 0
A8: 6 | B8: =+qxLogCentered!B8/qxLogCenteredReplica!B8-1 -> 0 | C8: =+qxLogCentered!C8/qxLogCenteredReplica!C8-1 -> -2.1094237e-15 | D8: =+qxLogCentered!D8/qxLogCenteredReplica!D8-1 -> -3.9968029e-15 | E8: =+qxLogCentered!E8/qxLogCenteredReplica!E8-1 -> -1.6653345e-15 | F8: =+qxLogCentered!F8/qxLogCenteredReplica!F8-1 -> 0 | G8: =+qxLogCentered!G8/qxLogCenteredReplica!G8-1 -> -1.2212453e-15 | H8: =+qxLogCentered!H8/qxLogCenteredReplica!H8-1 -> -3.2196468e-15 | I8: =+qxLogCentered!I8/qxLogCenteredReplica!I8-1 -> -2.7755576e-15 | ... DI8: =+qxLogCentered!DI8/qxLogCenteredReplica!DI8-1 -> -2.9976022e-15
A9: 7 | B9: =+qxLogCentered!B9/qxLogCenteredReplica!B9-1 -> -2.553513e-15 | C9: =+qxLogCentered!C9/qxLogCenteredReplica!C9-1 -> -4.2188475e-15 | D9: =+qxLogCentered!D9/qxLogCenteredReplica!D9-1 -> -1.3322676e-15 | E9: =+qxLogCentered!E9/qxLogCenteredReplica!E9-1 -> -3.7747583e-15 | F9: =+qxLogCentered!F9/qxLogCenteredReplica!F9-1 -> -1.6653345e-15 | G9: =+qxLogCentered!G9/qxLogCenteredReplica!G9-1 -> 0 | H9: =+qxLogCentered!H9/qxLogCenteredReplica!H9-1 -> -1.2212453e-15 | I9: =+qxLogCentered!I9/qxLogCenteredReplica!I9-1 -> -3.2196468e-15 | ... DI9: =+qxLogCentered!DI9/qxLogCenteredReplica!DI9-1 -> 0
A10: 8 | B10: =+qxLogCentered!B10/qxLogCenteredReplica!B10-1 -> -4.4408921e-15 | C10: =+qxLogCentered!C10/qxLogCenteredReplica!C10-1 -> -4.4408921e-15 | D10: =+qxLogCentered!D10/qxLogCenteredReplica!D10-1 -> -3.663736e-15 | E10: =+qxLogCentered!E10/qxLogCenteredReplica!E10-1 -> 0 | F10: =+qxLogCentered!F10/qxLogCenteredReplica!F10-1 -> -2.220446e-15 | G10: =+qxLogCentered!G10/qxLogCenteredReplica!G10-1 -> -2.9976022e-15 | H10: =+qxLogCentered!H10/qxLogCenteredReplica!H10-1 -> -4.3298698e-15 | I10: =+qxLogCentered!I10/qxLogCenteredReplica!I10-1 -> -4.2188475e-15 | ... DI10: =+qxLogCentered!DI10/qxLogCenteredReplica!DI10-1 -> -1.110223e-15
A11: 9 | B11: =+qxLogCentered!B11/qxLogCenteredReplica!B11-1 -> -3.3306691e-15 | C11: =+qxLogCentered!C11/qxLogCenteredReplica!C11-1 -> -2.1094237e-15 | D11: =+qxLogCentered!D11/qxLogCenteredReplica!D11-1 -> -2.8865799e-15 | E11: =+qxLogCentered!E11/qxLogCenteredReplica!E11-1 -> -3.7747583e-15 | F11: =+qxLogCentered!F11/qxLogCenteredReplica!F11-1 -> 0 | G11: =+qxLogCentered!G11/qxLogCenteredReplica!G11-1 -> -4.4408921e-15 | H11: =+qxLogCentered!H11/qxLogCenteredReplica!H11-1 -> 0 | I11: =+qxLogCentered!I11/qxLogCenteredReplica!I11-1 -> -1.2212453e-15 | ... DI11: =+qxLogCentered!DI11/qxLogCenteredReplica!DI11-1 -> 0
A12: 10 | B12: =+qxLogCentered!B12/qxLogCenteredReplica!B12-1 -> -4.3298698e-15 | C12: =+qxLogCentered!C12/qxLogCenteredReplica!C12-1 -> 0 | D12: =+qxLogCentered!D12/qxLogCenteredReplica!D12-1 -> -3.2196468e-15 | E12: =+qxLogCentered!E12/qxLogCenteredReplica!E12-1 -> -3.4416914e-15 | F12: =+qxLogCentered!F12/qxLogCenteredReplica!F12-1 -> -3.8857806e-15 | G12: =+qxLogCentered!G12/qxLogCenteredReplica!G12-1 -> -3.1086245e-15 | H12: =+qxLogCentered!H12/qxLogCenteredReplica!H12-1 -> -8.8817842e-16 | I12: =+qxLogCentered!I12/qxLogCenteredReplica!I12-1 -> 0 | ... DI12: =+qxLogCentered!DI12/qxLogCenteredReplica!DI12-1 -> 0
A13: 11 | B13: =+qxLogCentered!B13/qxLogCenteredReplica!B13-1 -> -1.6653345e-15 | C13: =+qxLogCentered!C13/qxLogCenteredReplica!C13-1 -> -2.6645353e-15 | D13: =+qxLogCentered!D13/qxLogCenteredReplica!D13-1 -> -1.4432899e-15 | E13: =+qxLogCentered!E13/qxLogCenteredReplica!E13-1 -> -1.4432899e-15 | F13: =+qxLogCentered!F13/qxLogCenteredReplica!F13-1 -> -4.3298698e-15 | G13: =+qxLogCentered!G13/qxLogCenteredReplica!G13-1 -> -9.9920072e-16 | H13: =+qxLogCentered!H13/qxLogCenteredReplica!H13-1 -> -1.8873791e-15 | I13: =+qxLogCentered!I13/qxLogCenteredReplica!I13-1 -> -2.220446e-15 | ... DI13: =+qxLogCentered!DI13/qxLogCenteredReplica!DI13-1 -> -3.4416914e-15
... A112: 110 | B112: =+qxLogCentered!B112/qxLogCenteredReplica!B112-1 -> 0 | C112: =+qxLogCentered!C112/qxLogCenteredReplica!C112-1 -> 0 | D112: =+qxLogCentered!D112/qxLogCenteredReplica!D112-1 -> 0 | E112: =+qxLogCentered!E112/qxLogCenteredReplica!E112-1 -> 0 | F112: =+qxLogCentered!F112/qxLogCenteredReplica!F112-1 -> -3.1086245e-15 | G112: =+qxLogCentered!G112/qxLogCenteredReplica!G112-1 -> 0 | H112: =+qxLogCentered!H112/qxLogCenteredReplica!H112-1 -> -1.9984014e-15 | I112: =+qxLogCentered!I112/qxLogCenteredReplica!I112-1 -> -2.4424907e-15 | ... DI112: =+qxLogCentered!DI112/qxLogCenteredReplica!DI112-1 -> 0

Sheet Alpha, Beta, Kappa Check
A1: Python | D1: Check | G1: Python | J1: Check | M1: Python | P1: Check
A2: Age | B2: Alpha | D2: Apha Replica | E2: Diff | G2: Age | H2: Beta | J2: Beta Replica | K2: Diff | M2: Year | N2: Kappa | P2: Kappa Replica | Q2: Diff | U2: Check Sum Kappa equal 0
A3: 0 | B3: -3.6055579 | D3: =+AVERAGE(qxLog!B2:DI2) -> -3.6055579 | E3: =+D3/B3-1 -> 0 | G3: 0 | H3: 0.017732211 | J3: {=+U!B2:B112/SUM(U!$B$2:$B$112)} -> 0.017732211 | K3: =+J3/H3-1 -> 0 | M3: 1910 | N3: 107.73111 | P3: {=SUM(U!$B$2:$B$112)*TRANSPOSE(Vt!B2:DI2)*S!$B$2} -> 107.73111 | Q3: =+P3/N3-1 -> 0 | U3: =+SUM(_xlfn.ANCHORARRAY(P3)) -> 2.0605739e-12
A4: 1 | B4: -5.732192 | D4: =+AVERAGE(qxLog!B3:DI3) -> -5.732192 | E4: =+D4/B4-1 -> 0 | G4: 1 | H4: 0.027000608 | J4: 0.027000608 | K4: =+J4/H4-1 -> 2.4424907e-15 | M4: 1911 | N4: 115.98109 | P4: 115.98109 | Q4: =+P4/N4-1 -> 0 | U4: Check Sum Beta Square equal to 1
A5: 2 | B5: -6.4370881 | D5: =+AVERAGE(qxLog!B4:DI4) -> -6.4370881 | E5: =+D5/B5-1 -> 0 | G5: 2 | H5: 0.024046553 | J5: 0.024046553 | K5: =+J5/H5-1 -> 0 | M5: 1912 | N5: 99.864601 | P5: 99.864601 | Q5: =+P5/N5-1 -> -6.1062266e-15 | U5: {=+SUM(POWER(U!B2:B112,2))} -> 1
A6: 3 | B6: -6.8218417 | D6: =+AVERAGE(qxLog!B5:DI5) -> -6.8218417 | E6: =+D6/B6-1 -> 0 | G6: 3 | H6: 0.021991103 | J6: 0.021991103 | K6: =+J6/H6-1 -> 3.1086245e-15 | M6: 1913 | N6: 102.33928 | P6: 102.33928 | Q6: =+P6/N6-1 -> -5.4400928e-15 | U6: Check sum of Normalized Beta equal to 1
A7: 4 | B7: -7.0744027 | D7: =+AVERAGE(qxLog!B6:DI6) -> -7.0744027 | E7: =+D7/B7-1 -> 0 | G7: 4 | H7: 0.020890322 | J7: 0.020890322 | K7: =+J7/H7-1 -> 3.7747583e-15 | M7: 1914 | N7: 98.199995 | P7: 98.199995 | Q7: =+P7/N7-1 -> -4.6629367e-15 | U7: =+SUM(H3:H113) -> 1
A8: 5 | B8: -7.2797183 | D8: =+AVERAGE(qxLog!B7:DI7) -> -7.2797183 | E8: =+D8/B8-1 -> 0 | G8: 5 | H8: 0.020018611 | J8: 0.020018611 | K8: =+J8/H8-1 -> 4.8849813e-15 | M8: 1915 | N8: 123.20189 | P8: 123.20189 | Q8: =+P8/N8-1 -> -1.9984014e-15
A9: 6 | B9: -7.3764168 | D9: =+AVERAGE(qxLog!B8:DI8) -> -7.3764168 | E9: =+D9/B9-1 -> 0 | G9: 6 | H9: 0.018817927 | J9: 0.018817927 | K9: =+J9/H9-1 -> 0 | M9: 1916 | N9: 133.33748 | P9: 133.33748 | Q9: =+P9/N9-1 -> 0
A10: 7 | B10: -7.5136939 | D10: =+AVERAGE(qxLog!B9:DI9) -> -7.5136939 | E10: =+D10/B10-1 -> 0 | G10: 7 | H10: 0.018361642 | J10: 0.018361642 | K10: =+J10/H10-1 -> 0 | M10: 1917 | N10: 140.46249 | P10: 140.46249 | Q10: =+P10/N10-1 -> 0
A11: 8 | B11: -7.6041178 | D11: =+AVERAGE(qxLog!B10:DI10) -> -7.6041178 | E11: =+D11/B11-1 -> 0 | G11: 8 | H11: 0.017723609 | J11: 0.017723609 | K11: =+J11/H11-1 -> 0 | M11: 1918 | N11: 185.59165 | P11: 185.59165 | Q11: =+P11/N11-1 -> -2.8865799e-15
A12: 9 | B12: -7.6572042 | D12: =+AVERAGE(qxLog!B11:DI11) -> -7.6572042 | E12: =+D12/B12-1 -> 0 | G12: 9 | H12: 0.017216032 | J12: 0.017216032 | K12: =+J12/H12-1 -> -1.4432899e-15 | M12: 1919 | N12: 134.29311 | P12: 134.29311 | Q12: =+P12/N12-1 -> 0
A13: 10 | B13: -7.6823588 | D13: =+AVERAGE(qxLog!B12:DI12) -> -7.6823588 | E13: =+D13/B13-1 -> 0 | G13: 10 | H13: 0.016912805 | J13: 0.016912805 | K13: =+J13/H13-1 -> 6.2172489e-15 | M13: 1920 | N13: 113.5598 | P13: 113.5598 | Q13: =+P13/N13-1 -> 3.3306691e-15
A14: 11 | B14: -7.6721563 | D14: =+AVERAGE(qxLog!B13:DI13) -> -7.6721563 | E14: =+D14/B14-1 -> 0 | G14: 11 | H14: 0.01627412 | J14: 0.01627412 | K14: =+J14/H14-1 -> 2.4424907e-15 | M14: 1921 | N14: 100.76023 | P14: 100.76023 | Q14: =+P14/N14-1 -> -5.3290705e-15
A15: 12 | B15: -7.6199193 | D15: =+AVERAGE(qxLog!B14:DI14) -> -7.6199193 | E15: =+D15/B15-1 -> 0 | G15: 12 | H15: 0.015977942 | J15: 0.015977942 | K15: =+J15/H15-1 -> -1.3322676e-15 | M15: 1922 | N15: 99.792223 | P15: 99.792223 | Q15: =+P15/N15-1 -> -1.0658141e-14
A16: 13 | B16: -7.537609 | D16: =+AVERAGE(qxLog!B15:DI15) -> -7.537609 | E16: =+D16/B16-1 -> 0 | G16: 13 | H16: 0.015274753 | J16: 0.015274753 | K16: =+J16/H16-1 -> 4.6629367e-15 | M16: 1923 | N16: 92.646086 | P16: 92.646086 | Q16: =+P16/N16-1 -> -9.1038288e-15
A17: 14 | B17: -7.3378403 | D17: =+AVERAGE(qxLog!B16:DI16) -> -7.3378403 | E17: =+D17/B17-1 -> 0 | G17: 14 | H17: 0.014556571 | J17: 0.014556571 | K17: =+J17/H17-1 -> 4.6629367e-15 | M17: 1924 | N17: 97.246597 | P17: 97.246597 | Q17: =+P17/N17-1 -> -3.9968029e-15
A18: 15 | B18: -7.168791 | D18: =+AVERAGE(qxLog!B17:DI17) -> -7.168791 | E18: =+D18/B18-1 -> 0 | G18: 15 | H18: 0.014126254 | J18: 0.014126254 | K18: =+J18/H18-1 -> 0 | M18: 1925 | N18: 96.534749 | P18: 96.534749 | Q18: =+P18/N18-1 -> -2.9976022e-15
A19: 16 | B19: -6.9857328 | D19: =+AVERAGE(qxLog!B18:DI18) -> -6.9857328 | E19: =+D19/B19-1 -> 0 | G19: 16 | H19: 0.013376899 | J19: 0.013376899 | K19: =+J19/H19-1 -> 0 | M19: 1926 | N19: 93.99697 | P19: 93.99697 | Q19: =+P19/N19-1 -> -5.3290705e-15
... A113: 110 | B113: 0.30406301 | D113: =+AVERAGE(qxLog!B112:DI112) -> 0.30406301 | E113: =+D113/B113-1 -> 0 | G113: 110 | H113: 0.0046550009 | J113: 0.0046550009 | K113: =+J113/H113-1 -> 0 | M113: 2020 | N113: -121.59881 | P113: -121.59881 | Q113: =+P113/N113-1 -> 1.9984014e-15
M114: 2021 | N114: -119.23697 | P114: -119.23697 | Q114: =+P114/N114-1 -> -8.5487173e-15

Sheet U.Ut Diagonal Check
A1: {=+MMULT(U!$B$2:$DH$112,TRANSPOSE(U!$B$2:$DH$112))} -> 1 | B1: -1.2143064e-16 | C1: -5.0740662e-17 | D1: -1.1687699e-16 | E1: -4.6187013e-17 | F1: 4.3042826e-17 | G1: 1.7943546e-16 | H1: 1.7440747e-16 | I1: -1.8257965e-16 | J1: 1.3265214e-16 | K1: 1.2533377e-16 | L1: -1.5742616e-16 | M1: -4.5997277e-16 | N1: -2.8595832e-16 | O1: 1.6913554e-16 | P1: 3.5681093e-16 | Q1: 1.5617932e-16 | R1: -1.3400739e-16 | S1: 6.3751088e-17 | T1: -6.7871056e-17 | U1: -4.8436732e-16 | V1: 6.0802058e-16 | W1: -3.9052962e-16 | X1: -3.9971824e-16 | Y1: -2.788568e-16 | Z1: -1.4268101e-16 | AA1: 1.3487475e-16 | AB1: -3.6559297e-16 | AC1: 1.292369e-16 | AD1: -8.5760392e-17 | AE1: 3.5507621e-17 | AF1: 1.496199e-16 | AG1: -6.9388939e-18 | AH1: 4.2500725e-17 | AI1: 2.7842312e-16 | AJ1: 1.3444107e-16 | AK1: -2.7755576e-16 | AL1: 2.5370331e-16 | AM1: 4.8789098e-17 | AN1: 2.6454533e-16 | AO1: 5.3017486e-16 | AP1: 3.7036346e-16 | AQ1: 2.7332737e-16 | AR1: 2.1423835e-16 | AS1: 1.0364973e-16 | AT1: -1.9081958e-16 | AU1: 1.7867652e-16 | AV1: 2.2117724e-17 | AW1: 2.4286129e-17 | AX1: 5.5944832e-17 | AY1: -1.9602375e-16 | AZ1: 3.3285007e-16 | BA1: -1.9081958e-17 | BB1: 2.6671373e-16 | BC1: -9.6710834e-17 | BD1: 2.1337099e-16 | BE1: 5.984796e-17 | BF1: 2.8929902e-16 | BG1: 2.2030988e-16 | BH1: 2.4459601e-16 | BI1: 4.98733e-16 | BJ1: 3.6515929e-16 | BK1: 1.2704139e-16 | BL1: -9.1289823e-17 | BM1: 2.2822456e-17 | BN1: -2.1098574e-16 | BO1: 1.3097162e-16 | BP1: 2.1239521e-16 | BQ1: 1.2143064e-17 | BR1: 1.4658413e-16 | BS1: -2.3201926e-17 | BT1: 9.4108749e-17 | BU1: -1.110223e-16 | BV1: 4.8572257e-17 | BW1: -8.4567769e-17 | BX1: 5.7896396e-17 | BY1: 3.96818e-17 | BZ1: -1.4224733e-16 | CA1: -1.6479873e-17 | CB1: 1.0820338e-16 | CC1: -3.0791342e-17 | CD1: 1.5439039e-16 | CE1: -1.0755286e-16 | CF1: -7.1123663e-17 | CG1: -4.8138576e-17 | CH1: -3.5041414e-16 | CI1: -2.2117724e-16 | CJ1: 1.2490009e-16 | CK1: -7.5135211e-17 | CL1: -1.6154612e-16 | CM1: -4.284767e-16 | CN1: -1.8301333e-16 | CO1: -2.6281061e-16 | CP1: -3.9031278e-17 | CQ1: -4.98733e-18 | CR1: -4.9344751e-17 | CS1: 4.1069578e-16 | CT1: 1.1752752e-16 | CU1: -1.7780916e-17 | CV1: 1.2251485e-16 | CW1: -5.1174343e-17 | CX1: 4.7423003e-16 | CY1: -3.233633e-16 | CZ1: -6.5621336e-17 | DA1: 3.2736129e-17 | DB1: 2.1562071e-17 | DC1: -3.0488951e-17 | DD1: 4.1741784e-17 | DE1: 4.8119942e-17 | DF1: -1.6583211e-16 | DG1: -2.0599841e-17
A2: -1.2143064e-16 | B2: 1 | C2: -2.1629833e-16 | D2: -5.0740662e-17 | E2: 1.6539504e-16 | F2: 4.3178352e-17 | G2: -4.4072818e-16 | H2: -2.3388274e-16 | I2: 3.1073234e-16 | J2: 8.8254057e-17 | K2: 4.6973059e-17 | L2: -1.9515639e-17 | M2: 4.220257e-16 | N2: -3.8326547e-17 | O2: 4.9190253e-16 | P2: -1.0276068e-15 | Q2: -3.5944013e-16 | R2: 5.2052546e-16 | S2: -1.9580691e-16 | T2: 3.00324e-17 | U2: -5.8834231e-16 | V2: -3.4347525e-16 | W2: 3.3610267e-18 | X2: 1.7826994e-16 | Y2: -3.389216e-16 | Z2: 1.0299921e-17 | AA2: -2.2323723e-16 | AB2: 1.8648277e-17 | AC2: 1.4300627e-16 | AD2: -6.3452932e-17 | AE2: -8.3104097e-17 | AF2: -1.6479873e-16 | AG2: 5.507747e-17 | AH2: 1.1449175e-16 | AI2: 1.7347235e-17 | AJ2: 1.6295559e-16 | AK2: -1.01915e-16 | AL2: 1.1839488e-16 | AM2: 5.9089018e-17 | AN2: 1.4615045e-16 | AO2: -2.1749096e-16 | AP2: 3.383795e-16 | AQ2: 2.4204814e-17 | AR2: 1.3183898e-16 | AS2: -1.5330619e-16 | AT2: -1.474515e-17 | AU2: -1.7347235e-18 | AV2: -4.3151246e-17 | AW2: -2.471981e-17 | AX2: 2.0816682e-17 | AY2: -8.7603536e-17 | AZ2: -1.0755286e-16 | BA2: 6.7654216e-17 | BB2: -2.7517051e-16 | BC2: -6.1582683e-17 | BD2: 9.5409791e-18 | BE2: -2.2822456e-16 | BF2: -2.6637492e-17 | BG2: 1.7780916e-16 | BH2: 1.3617579e-16 | BI2: -1.2273169e-16 | BJ2: -1.2858638e-16 | BK2: -6.4157664e-17 | BL2: 1.0636023e-16 | BM2: -1.9027748e-17 | BN2: 1.1947908e-16 | BO2: 6.4184769e-17 | BP2: -4.3368087e-18 | BQ2: 4.5970172e-17 | BR2: -1.689187e-16 | BS2: -2.692074e-16 | BT2: -2.5717276e-16 | BU2: -2.8059152e-16 | BV2: -1.0104764e-16 | BW2: -8.0989902e-17 | BX2: -2.2724878e-16 | BY2: -3.1539441e-16 | BZ2: -1.1969592e-16 | CA2: -1.517883e-16 | CB2: 1.5829352e-17 | CC2: -2.2681509e-16 | CD2: -1.7347235e-18 | CE2: 5.8980598e-17 | CF2: -7.0689982e-17 | CG2: -1.0451709e-16 | CH2: 1.0148132e-16 | CI2: -5.0740662e-17 | CJ2: -2.9230091e-16 | CK2: -8.8199847e-17 | CL2: 1.4446994e-16 | CM2: -1.0755286e-16 | CN2: -8.3266727e-17 | CO2: -1.5102936e-16 | CP2: 2.8037468e-16 | CQ2: -1.7520707e-16 | CR2: -4.2609145e-16 | CS2: -3.9443275e-16 | CT2: -5.411253e-16 | CU2: -2.2724878e-16 | CV2: -7.8680552e-16 | CW2: -3.8348231e-16 | CX2: -9.304623e-16 | CY2: 2.815402e-16 | CZ2: 6.6515803e-17 | DA2: -3.5547262e-16 | DB2: 6.6929155e-16 | DC2: -5.2833807e-16 | DD2: 2.4782151e-16 | DE2: 5.4393491e-16 | DF2: -5.5298207e-16 | DG2: 2.3513635e-16
A3: -5.0740662e-17 | B3: -2.1629833e-16 | C3: 1 | D3: 2.2312881e-16 | E3: -3.2742906e-16 | F3: 2.9598719e-17 | G3: -4.1871888e-16 | H3: 1.50162e-16 | I3: -3.4152368e-17 | J3: -1.9678269e-16 | K3: 3.1241286e-16 | L3: -3.3827108e-17 | M3: -4.4208344e-16 | N3: 1.0522182e-16 | O3: 4.0766002e-17 | P3: -4.8409627e-17 | Q3: 4.3156667e-16 | R3: -2.9717982e-16 | S3: 5.3050012e-16 | T3: 2.3570555e-16 | U3: -7.0700824e-16 | V3: 4.3368087e-17 | W3: -4.4235449e-17 | X3: -1.2042776e-16 | Y3: 2.1900884e-17 | Z3: -4.4289659e-16 | AA3: -1.4593361e-16 | AB3: -3.5041414e-16 | AC3: -3.2287541e-16 | AD3: 5.6730879e-17 | AE3: -1.4072944e-16 | AF3: -3.400058e-16 | AG3: 3.5735304e-16 | AH3: 2.0252897e-16 | AI3: -1.1947908e-16 | AJ3: -1.2099696e-16 | AK3: -4.4972706e-16 | AL3: 5.0957502e-17 | AM3: -3.3339217e-16 | AN3: 2.4806546e-16 | AO3: 1.6436505e-16 | AP3: -4.6837534e-17 | AQ3: 1.9916794e-16 | AR3: 1.7130394e-16 | AS3: 1.5569143e-16 | AT3: -2.6020852e-17 | AU3: -1.7347235e-16 | AV3: 4.2500725e-17 | AW3: 2.2768246e-16 | AX3: 1.4311469e-16 | AY3: 1.0018028e-16 | AZ3: 1.8653698e-16 | BA3: 9.3675068e-17 | BB3: 5.8004816e-17 | BC3: -8.8037216e-17 | BD3: -3.0010716e-16 | BE3: 4.2413989e-16 | BF3: -5.7713437e-17 | BG3: -7.9363599e-17 | BH3: 2.810252e-16 | BI3: -1.2490009e-16 | BJ3: -1.4116312e-16 | BK3: -1.8564252e-16 | BL3: -9.5192951e-17 | BM3: 2.4901413e-16 | BN3: -5.6378513e-18 | BO3: 4.7271215e-17 | BP3: 2.8915672e-16 | BQ3: -1.3010426e-17 | BR3: -9.3458227e-17 | BS3: 7.2749966e-17 | BT3: -1.4181364e-16 | BU3: -1.0538445e-16 | BV3: -3.2699538e-16 | BW3: 8.5543551e-17 | BX3: -2.0816682e-17 | BY3: 1.8084492e-16 | BZ3: 3.3046482e-16 | CA3: 6.7654216e-17 | CB3: -3.5887092e-17 | CC3: -1.7867652e-16 | CD3: -1.0148132e-16 | CE3: -1.5785984e-16 | CF3: -7.979728e-17 | CG3: 2.879641e-16 | CH3: -1.812786e-16 | CI3: -3.3046482e-16 | CJ3: 2.6628005e-16 | CK3: -3.5778672e-18 | CL3: -3.469447e-16 | CM3: 9.0639302e-17 | CN3: 7.4159429e-17 | CO3: 3.0444397e-16 | CP3: 1.0007186e-16 | CQ3: 3.7253187e-16 | CR3: 3.8935733e-16 | CS3: 5.8845073e-16 | CT3: 4.5211231e-17 | CU3: 7.7021722e-16 | CV3: -5.0718978e-16 | CW3: -1.3975366e-16 | CX3: -8.3575724e-16 | CY3: -1.6284717e-16 | CZ3: 3.5507621e-16 | DA3: -1.8082459e-17 | DB3: 2.4357957e-16 | DC3: -3.9064312e-17 | DD3: -1.3785631e-16 | DE3: -9.7645958e-18 | DF3: 2.643827e-16 | DG3: -6.7274745e-17
